P10	1	1	1	1	1
P10-1	1	1	1	1	1
P1000	118	96	63	8	13
P1000-1	118	63	96	13	8
P1001	47318	45885	16187	3992	69
P1001-1	47318	16187	45885	69	3992
P1002	538	526	41	94	4
P1002-1	538	41	526	4	94
P101	88453	76214	7463	25530	35
P101-1	88453	7463	76214	35	25530
P1011	23	11	13	5	4
P1011-1	23	13	11	4	5
P1012	33	15	30	2	4
P1012-1	33	30	15	4	2
P1013	39	37	21	14	3
P1013-1	39	21	37	3	14
P1018	134	118	120	4	4
P1018-1	134	120	118	4	4
P102	293340	265735	6434	23659	10
P102-1	293340	6434	265735	10	23659
P1026	707	707	706	2	1
P1026-1	707	706	707	1	2
P1027	5488	5175	3053	166	10
P1027-1	5488	3053	5175	10	166
P1028	3379	3338	672	1610	6
P1028-1	3379	672	3338	6	1610
P1029	2350	685	859	36	21
P1029-1	2350	859	685	21	36
P103	75383	74819	515	36228	12
P103-1	75383	515	74819	12	36228
P1030	375	375	32	121	1
P1030-1	375	32	375	1	121
P1032	24	23	5	13	2
P1032-1	24	5	23	2	13
P1034	78	34	56	4	17
P1034-1	78	56	34	17	4
P1035	291	285	119	39	3
P1035-1	291	119	285	3	39
P1037	3376	2723	3238	6	39
P1037-1	3376	3238	2723	39	6
P1038	14940	9708	10872	35	35
P1038-1	14940	10872	9708	35	35
P1039	31	23	30	2	4
P1039-1	31	30	23	4	2
P1040	33018	31624	5948	211	8
P1040-1	33018	5948	31624	8	211
P1041	21	14	15	4	6
P1041-1	21	15	14	6	4
P1046	372	370	8	182	2
P1046-1	372	8	370	2	182
P1049	1094	992	150	209	6
P1049-1	1094	150	992	6	209
P105	2502113	2502038	67	2096408	3
P105-1	2502113	67	2502038	3	2096408
P1050	6086	5786	504	975	11
P1050-1	6086	504	5786	11	975
P1053	532	530	532	1	2
P1053-1	532	532	530	2	1
P1056	9131	6131	3227	327	200
P1056-1	9131	3227	6131	200	327
P1057	128408	128272	146	5017	9
P1057-1	128408	146	128272	9	5017
P106	4175571	3085940	10108	423238	28
P106-1	4175571	10108	3085940	28	423238
P1060	56	47	18	11	4
P1060-1	56	18	47	4	11
P1064	14622	14427	49	10402	5
P1064-1	14622	49	14427	5	10402
P1066	21110	14480	11073	225	27
P1066-1	21110	11073	14480	27	225
P1068	117	79	32	26	9
P1068-1	117	32	79	9	26
P1071	12579	12131	1519	690	99
P1071-1	12579	1519	12131	99	690
P1072	2753	490	1110	39	144
P1072-1	2753	1110	490	144	39
P1073	994	254	565	27	79
P1073-1	994	565	254	79	27
P1074	674	666	625	5	2
P1074-1	674	625	666	2	5
P1075	740	402	727	2	64
P1075-1	740	727	402	64	2
P1078	15	14	4	7	2
P1078-1	15	4	14	2	7
P1079	32	32	6	25	1
P1079-1	32	6	32	1	25
P108	292109	225379	28032	3903	21
P108-1	292109	28032	225379	21	3903
P1080	15185	15048	243	2681	4
P1080-1	15185	243	15048	4	2681
P109	8	8	8	1	1
P109-1	8	8	8	1	1
P110	4907	4398	1882	156	11
P110-1	4907	1882	4398	11	156
P111	1340	1296	160	561	4
P111-1	1340	160	1296	4	561
P112	28457	23989	24158	49	39
P112-1	28457	24158	23989	39	49
P113	2751	2449	935	27	14
P113-1	2751	935	2449	14	27
P1136	95	81	71	6	5
P1136-1	95	71	81	5	6
P1137	58	14	57	2	14
P1137-1	58	57	14	14	2
P114	281	279	37	98	2
P114-1	281	37	279	2	98
P1142	10866	8529	966	579	19
P1142-1	10866	966	8529	19	579
P1145	5773	5772	15	3812	2
P1145-1	5773	15	5772	2	3812
P1149	29	29	29	1	1
P1149-1	29	29	29	1	1
P115	13305	13069	7592	222	15
P115-1	13305	7592	13069	15	222
P1150	2	2	2	1	1
P1150-1	2	2	2	1	1
P1151	1517	1517	1423	16	1
P1151-1	1517	1423	1517	1	16
P1157	24	24	24	1	1
P1157-1	24	24	24	1	1
P1158	395	327	22	142	2
P1158-1	395	22	327	2	142
P1159	13	13	13	1	1
P1159-1	13	13	13	1	1
P1160	16	16	16	1	1
P1160-1	16	16	16	1	1
P1163	1	1	1	1	1
P1163-1	1	1	1	1	1
P1165	194	192	75	31	2
P1165-1	194	75	192	2	31
P117	23	22	23	1	2
P117-1	23	23	22	2	1
P1170	2	2	2	1	1
P1170-1	2	2	2	1	1
P1171	2	1	2	1	2
P1171-1	2	2	1	2	1
P118	35062	29938	1591	6005	10
P118-1	35062	1591	29938	10	6005
P1189	2	2	2	1	1
P1189-1	2	2	2	1	1
P119	113056	112303	11192	5810	6
P119-1	113056	11192	112303	6	5810
P1192	10423	7105	319	1254	14
P1192-1	10423	319	7105	14	1254
P1194	1	1	1	1	1
P1194-1	1	1	1	1	1
P1196	61255	60903	235	36426	3
P1196-1	61255	235	60903	3	36426
P1199	41	40	5	20	2
P1199-1	41	5	40	2	20
P1200	2397	2397	2396	2	1
P1200-1	2397	2396	2397	1	2
P1201	389	389	9	176	1
P1201-1	389	9	389	1	176
P1202	39	16	37	2	9
P1202-1	39	37	16	9	2
P1204	1718	1575	1717	2	28
P1204-1	1718	1717	1575	28	2
P1209	3	3	1	3	1
P1209-1	3	1	3	1	3
P121	6116	2925	2732	327	83
P121-1	6116	2732	2925	83	327
P1210	6	6	4	2	1
P1210-1	6	4	6	1	2
P1211	21	20	6	11	2
P1211-1	21	6	20	2	11
P122	1326	1132	184	244	4
P122-1	1326	184	1132	4	244
P1221	2	2	1	2	1
P1221-1	2	1	2	1	2
P1227	17	9	12	4	3
P1227-1	17	12	9	3	4
P123	114023	110164	16551	8238	36
P123-1	114023	16551	110164	36	8238
P1243	6	6	6	1	1
P1243-1	6	6	6	1	1
P1258	1	1	1	1	1
P1258-1	1	1	1	1	1
P126	34913	32697	1469	1942	19
P126-1	34913	1469	32697	19	1942
P1264	68	55	48	7	6
P1264-1	68	48	55	6	7
P1268	938	894	865	9	10
P1268-1	938	865	894	10	9
P1269	41477	34617	8853	734	7
P1269-1	41477	8853	34617	7	734
P127	134431	122416	22049	10308	25
P127-1	134431	22049	122416	25	10308
P1278	22	22	22	1	1
P1278-1	22	22	22	1	1
P128	326885	12848	17375	337	1518
P128-1	326885	17375	12848	1518	337
P1283	413	391	413	1	5
P1283-1	413	413	391	5	1
P129	8091	2330	2331	91	92
P129-1	8091	2331	2330	92	91
P1290	122	95	122	1	12
P1290-1	122	122	95	12	1
P1299	1089	837	1018	20	15
P1299-1	1089	1018	837	15	20
P1302	1784	547	1230	9	26
P1302-1	1784	1230	547	26	9
P1303	59784	51155	534	15563	30
P1303-1	59784	534	51155	30	15563
P1304	69	68	69	1	2
P1304-1	69	69	68	2	1
P1308	1696	1241	1567	16	90
P1308-1	1696	1567	1241	90	16
P131	5934249	5567839	297641	48884	150
P131-1	5934249	297641	5567839	150	48884
P1310	2	2	2	1	1
P1310-1	2	2	2	1	1
P1312	1018	594	100	217	4
P1312-1	1018	100	594	4	217
P1313	14327	14308	9227	2735	5
P1313-1	14327	9227	14308	5	2735
P1318	67	52	61	4	4
P1318-1	67	61	52	4	4
P1321	1844	1515	924	86	4
P1321-1	1844	924	1515	4	86
P1322	313	312	311	2	2
P1322-1	313	311	312	2	2
P1324	8	8	7	2	1
P1324-1	8	7	8	1	2
P1325	1	1	1	1	1
P1325-1	1	1	1	1	1
P1327	3909	2912	3016	5	9
P1327-1	3909	3016	2912	9	5
P1336	780	656	81	406	9
P1336-1	780	81	656	9	406
P134	566	188	560	3	40
P134-1	566	560	188	40	3
P1340	4346	4265	31	1604	3
P1340-1	4346	31	4265	3	1604
P1343	348129	234043	41487	27233	76
P1343-1	348129	41487	234043	76	27233
P1344	340676	167620	29015	10404	290
P1344-1	340676	29015	167620	290	10404
P1346	63237	23122	27598	219	413
P1346-1	63237	27598	23122	413	219
P1347	648	644	9	517	2
P1347-1	648	9	644	2	517
P1349	5	4	2	3	2
P1349-1	5	2	4	2	3
P135	43742	41937	1449	19750	16
P135-1	43742	1449	41937	16	19750
P136	725023	597308	6067	34938	21
P136-1	725023	6067	597308	21	34938
P1363	365	150	301	6	8
P1363-1	365	301	150	8	6
P1365	15596	10913	14719	14	23
P1365-1	15596	14719	10913	23	14
P1366	17881	16690	12538	63	15
P1366-1	17881	12538	16690	15	63
P137	107154	98171	10468	10470	66
P137-1	107154	10468	98171	66	10470
P1372	27	15	19	9	9
P1372-1	27	19	15	9	9
P1376	52291	47246	52029	6	28
P1376-1	52291	52029	47246	28	6
P1377	1	1	1	1	1
P1377-1	1	1	1	1	1
P138	163273	154813	74156	873	10
P138-1	163273	74156	154813	10	873
P1382	7118	4147	4372	91	91
P1382-1	7118	4372	4147	91	91
P1383	23940	5182	23406	4	109
P1383-1	23940	23406	5182	109	4
P1387	1362	1274	142	211	6
P1387-1	1362	142	1274	6	211
P1389	3200	3135	20	2263	3
P1389-1	3200	20	3135	3	2263
P1393	20	11	20	1	7
P1393-1	20	20	11	7	1
P1398	255	242	253	2	7
P1398-1	255	253	242	7	2
P1399	4973	4457	322	2389	9
P1399-1	4973	322	4457	9	2389
P14	146	146	146	1	1
P14-1	146	146	146	1	1
P140	138216	135544	863	46796	13
P140-1	138216	863	135544	13	46796
P1403	8004	8004	5812	5	1
P1403-1	8004	5812	8004	1	5
P1406	17	14	6	9	3
P1406-1	17	6	14	3	9
P1408	5445	5403	3145	35	4
P1408-1	5445	3145	5403	4	35
P141	90250	90250	8	43833	1
P141-1	90250	8	90250	1	43833
P1411	35532	18929	2138	1032	84
P1411-1	35532	2138	18929	84	1032
P1412	660082	613119	928	133089	30
P1412-1	660082	928	613119	30	133089
P1414	1222	1064	96	472	9
P1414-1	1222	96	1064	9	472
P1416	12701	11436	2303	1703	13
P1416-1	12701	2303	11436	13	1703
P1417	248	246	247	2	2
P1417-1	248	247	246	2	2
P1419	472	447	194	59	4
P1419-1	472	194	447	4	59
P1420	5112	4475	4983	6	17
P1420-1	5112	4983	4475	17	6
P1423	8406	8293	7979	22	4
P1423-1	8406	7979	8293	4	22
P1424	8167	7785	8055	4	20
P1424-1	8167	8055	7785	20	4
P1425	4	4	4	1	1
P1425-1	4	4	4	1	1
P1427	13338	13285	3667	669	7
P1427-1	13338	3667	13285	7	669
P1429	129	107	116	4	6
P1429-1	129	116	107	6	4
P1431	6268	4890	3191	255	10
P1431-1	6268	3191	4890	10	255
P1432	336	333	325	2	3
P1432-1	336	325	333	3	2
P1433	17985957	17978548	36586	200037	21
P1433-1	17985957	36586	17978548	21	200037
P1434	2248	2237	125	900	2
P1434-1	2248	125	2237	2	900
P1435	1591769	1576896	553	371030	7
P1435-1	1591769	553	1576896	7	371030
P144	20692	19216	12849	146	17
P144-1	20692	12849	19216	17	146
P1441	50795	37365	8390	554	155
P1441-1	50795	8390	37365	155	554
P1442	11	11	11	1	1
P1442-1	11	11	11	1	1
P1444	7564	7492	3340	124	22
P1444-1	7564	3340	7492	22	124
P1445	1489	127	1484	2	622
P1445-1	1489	1484	127	622	2
P1448	115	111	109	4	3
P1448-1	115	109	111	3	4
P1449	10	10	10	1	1
P1449-1	10	10	10	1	1
P1451	28	27	24	2	2
P1451-1	28	24	27	2	2
P1454	38056	37598	500	6069	57
P1454-1	38056	500	37598	57	6069
P1455	710	286	582	19	42
P1455-1	710	582	286	42	19
P1456	8508	7781	8474	3	11
P1456-1	8508	8474	7781	11	3
P1462	2309	2145	102	721	4
P1462-1	2309	102	2145	4	721
P1464	27593	27559	27386	6	3
P1464-1	27593	27386	27559	3	6
P1465	11811	11810	11721	5	2
P1465-1	11811	11721	11810	2	5
P1472	20	20	20	1	1
P1472-1	20	20	20	1	1
P1476	77710	77701	77242	15	2
P1476-1	77710	77242	77701	2	15
P1477	25	25	25	1	1
P1477-1	25	25	25	1	1
P1478	317	289	242	16	4
P1478-1	317	242	289	4	16
P1479	239	136	195	7	9
P1479-1	239	195	136	9	7
P1480	1	1	1	1	1
P1480-1	1	1	1	1	1
P149	54132	50981	566	6093	8
P149-1	54132	566	50981	8	6093
P15	7	7	7	1	1
P15-1	7	7	7	1	1
P150	1009824	74662	979626	26	859
P150-1	1009824	979626	74662	859	26
P1531	526	268	349	16	4
P1531-1	526	349	268	4	16
P1532	21299	19672	319	2387	4
P1532-1	21299	319	19672	4	2387
P1533	10994	10422	10420	59	10
P1533-1	10994	10420	10422	10	59
P1534	59	57	31	19	2
P1534-1	59	31	57	2	19
P1535	3105	2416	1720	89	142
P1535-1	3105	1720	2416	142	89
P1536	75	67	68	3	4
P1536-1	75	68	67	4	3
P1537	42	38	37	3	4
P1537-1	42	37	38	4	3
P154	150	148	147	2	3
P154-1	150	147	148	3	2
P1542	2347	1745	1903	25	56
P1542-1	2347	1903	1745	56	25
P1543	1	1	1	1	1
P1543-1	1	1	1	1	1
P1546	349	345	106	186	2
P1546-1	349	106	345	2	186
P1547	3090	2880	277	2548	32
P1547-1	3090	277	2880	32	2548
P1549	7	5	7	1	3
P1549-1	7	7	5	3	1
P155	409750	404462	399386	56	15
P155-1	409750	399386	404462	15	56
P1552	13559	12825	1432	4196	18
P1552-1	13559	1432	12825	18	4196
P1557	457	395	392	7	16
P1557-1	457	392	395	16	7
P1558	69	68	26	12	2
P1558-1	69	26	68	2	12
P1559	501	501	498	2	1
P1559-1	501	498	501	1	2
P156	400594	395251	391117	36	16
P156-1	400594	391117	395251	16	36
P1560	2492	2327	2329	4	4
P1560-1	2492	2329	2327	4	4
P1563	5	5	5	1	1
P1563-1	5	5	5	1	1
P1568	60	57	36	11	2
P1568-1	60	36	57	2	11
P157	1076	1023	763	27	5
P157-1	1076	763	1023	5	27
P1571	44	44	20	20	1
P1571-1	44	20	44	1	20
P1574	227	176	133	13	18
P1574-1	227	133	176	18	13
P1576	784	750	48	352	5
P1576-1	784	48	750	5	352
P158	5	5	5	1	1
P158-1	5	5	5	1	1
P1582	790	645	611	70	5
P1582-1	790	611	645	5	70
P1589	331	324	176	40	2
P1589-1	331	176	324	2	40
P159	188922	186546	31562	6453	17
P159-1	188922	31562	186546	17	6453
P1591	3448	3321	3063	4	22
P1591-1	3448	3063	3321	22	4
P1592	20	13	20	1	3
P1592-1	20	20	13	3	1
P1593	22	13	20	3	9
P1593-1	22	20	13	9	3
P1594	180	112	94	18	8
P1594-1	180	94	112	8	18
P1595	316	242	77	151	7
P1595-1	316	77	242	7	151
P1596	876	851	64	518	3
P1596-1	876	64	851	3	518
P1598	6421	6217	2236	207	7
P1598-1	6421	2236	6217	7	207
P1599	2	2	2	1	1
P1599-1	2	2	2	1	1
P16	41955	37234	306	12489	9
P16-1	41955	306	37234	9	12489
P1604	6	6	5	2	1
P1604-1	6	5	6	1	2
P1605	12	6	12	1	4
P1605-1	12	12	6	4	1
P1606	1	1	1	1	1
P1606-1	1	1	1	1	1
P161	969512	163670	132541	514	579
P161-1	969512	132541	163670	579	514
P1611	191	188	20	20	2
P1611-1	191	20	188	2	20
P1612	3	3	3	1	1
P1612-1	3	3	3	1	1
P162	101203	86529	25236	1629	29
P162-1	101203	25236	86529	29	1629
P1620	61	45	60	2	10
P1620-1	61	60	45	10	2
P1621	9	8	9	1	2
P1621-1	9	9	8	2	1
P1622	226	223	3	155	2
P1622-1	226	3	223	2	155
P1625	63	62	57	2	2
P1625-1	63	57	62	2	2
P1629	27	25	27	1	2
P1629-1	27	27	25	2	1
P163	3148	3142	2909	9	2
P163-1	3148	2909	3142	2	9
P1637	124	121	12	37	2
P1637-1	124	12	121	2	37
P1639	953	944	943	2	2
P1639-1	953	943	944	2	2
P1640	184	145	155	7	11
P1640-1	184	155	145	11	7
P1642	1	1	1	1	1
P1642-1	1	1	1	1	1
P1651	269	269	269	1	1
P1651-1	269	269	269	1	1
P1652	6012	5857	334	274	7
P1652-1	6012	334	5857	7	274
P1654	589	589	12	278	1
P1654-1	589	12	589	1	278
P1656	97	87	88	3	6
P1656-1	97	88	87	6	3
P1657	1225	1219	7	583	2
P1657-1	1225	7	1219	2	583
P166	734462	345793	18648	29069	78
P166-1	734462	18648	345793	78	29069
P1660	2	2	2	1	1
P1660-1	2	2	2	1	1
P1663	1	1	1	1	1
P1663-1	1	1	1	1	1
P1668	10	10	10	1	1
P1668-1	10	10	10	1	1
P167	392	378	378	2	3
P167-1	392	378	378	3	2
P1672	644	549	510	5	6
P1672-1	644	510	549	6	5
P1677	1	1	1	1	1
P1677-1	1	1	1	1	1
P1678	197	188	40	66	2
P1678-1	197	40	188	2	66
P1680	3	3	3	1	1
P1680-1	3	3	3	1	1
P1684	13	11	10	4	3
P1684-1	13	10	11	3	4
P1686	24	19	22	2	3
P1686-1	24	22	19	3	2
P169	1949	1825	1831	6	11
P169-1	1949	1831	1825	11	6
P17	9441109	9411289	1508	846719	70
P17-1	9441109	1508	9411289	70	846719
P170	410872	404887	52901	39785	11
P170-1	410872	52901	404887	11	39785
P1703	13	11	10	3	3
P1703-1	13	10	11	3	3
P1704	8	4	8	1	3
P1704-1	8	8	4	3	1
P1705	616	614	593	3	2
P1705-1	616	593	614	2	3
P1706	61	25	56	2	10
P1706-1	61	56	25	10	2
P1709	5	5	5	1	1
P1709-1	5	5	5	1	1
P171	2506967	2502690	263842	4437	6
P171-1	2506967	263842	2502690	6	4437
P1716	7392	7241	351	347	7
P1716-1	7392	351	7241	7	347
P1717	238	235	230	2	3
P1717-1	238	230	235	3	2
P172	58617	57357	1599	14388	19
P172-1	58617	1599	57357	19	14388
P1731	316	295	29	115	3
P1731-1	316	29	295	3	115
P1740	1235	1235	1231	3	1
P1740-1	1235	1231	1235	1	3
P175	290349	278429	54278	621	56
P175-1	290349	54278	278429	56	621
P1750	2389	2073	365	11	21
P1750-1	2389	365	2073	21	11
P1753	10270	10258	10100	10	2
P1753-1	10270	10100	10258	2	10
P1754	9988	9864	9979	2	10
P1754-1	9988	9979	9864	10	2
P176	55684	52077	5409	710	19
P176-1	55684	5409	52077	19	710
P1766	14	12	14	1	2
P1766-1	14	14	12	2	1
P177	10794	10527	4147	163	11
P177-1	10794	4147	10527	11	163
P1772	228	228	228	1	1
P1772-1	228	228	228	1	1
P1773	66	63	49	9	2
P1773-1	66	49	63	2	9
P1775	9	8	9	1	2
P1775-1	9	9	8	2	1
P1776	4	4	4	1	1
P1776-1	4	4	4	1	1
P1777	3	3	3	1	1
P1777-1	3	3	3	1	1
P1779	11	7	11	1	3
P1779-1	11	11	7	3	1
P178	29717	28303	6685	800	13
P178-1	29717	6685	28303	13	800
P1780	8	8	8	1	1
P1780-1	8	8	8	1	1
P1788	6	6	6	1	1
P1788-1	6	6	6	1	1
P1789	26	24	26	1	2
P1789-1	26	26	24	2	1
P179	94189	93269	7553	2147	7
P179-1	94189	7553	93269	7	2147
P1791	3774	3774	3767	2	1
P1791-1	3774	3767	3774	1	2
P1792	19254	19238	19222	3	2
P1792-1	19254	19222	19238	2	3
P1793	1	1	1	1	1
P1793-1	1	1	1	1	1
P18	4599	4545	4277	26	3
P18-1	4599	4277	4545	3	26
P180	237814	80423	30137	10776	171
P180-1	237814	30137	80423	171	10776
P1801	6	6	6	1	1
P1801-1	6	6	6	1	1
P1809	464	438	182	63	5
P1809-1	464	182	438	5	63
P181	64	62	64	1	3
P181-1	64	64	62	3	1
P1811	3914	3906	3908	2	4
P1811-1	3914	3908	3906	4	2
P1813	47	46	43	3	2
P1813-1	47	43	46	2	3
P1817	197	191	86	33	2
P1817-1	197	86	191	2	33
P1824	1	1	1	1	1
P1824-1	1	1	1	1	1
P183	17593	17495	397	2466	6
P183-1	17593	397	17495	6	2466
P1830	2412	1527	2119	6	24
P1830-1	2412	2119	1527	24	6
P184	16515	15404	9459	36	6
P184-1	16515	9459	15404	6	36
P1840	188	140	99	35	5
P1840-1	188	99	140	5	35
P1842	2	2	2	1	1
P1842-1	2	2	2	1	1
P1843	452	391	440	3	5
P1843-1	452	440	391	5	3
P1846	2	2	2	1	1
P1846-1	2	2	2	1	1
P185	3395	1898	3131	4	35
P185-1	3395	3131	1898	35	4
P1851	23	23	11	10	1
P1851-1	23	11	23	1	10
P1853	28157	28156	5	10547	2
P1853-1	28157	5	28156	2	10547
P1855	39	16	39	1	6
P1855-1	39	39	16	6	1
P186	572873	358326	2728	166080	21
P186-1	572873	2728	358326	21	166080
P1875	2919	2728	812	384	7
P1875-1	2919	812	2728	7	384
P1876	415	394	81	41	3
P1876-1	415	81	394	3	41
P1877	9139	8912	3401	273	4
P1877-1	9139	3401	8912	4	273
P1878	45	45	14	5	1
P1878-1	45	14	45	1	5
P1879	1611	1611	15	394	1
P1879-1	1611	15	1611	1	394
P1880	135	73	104	6	10
P1880-1	135	104	73	10	6
P1881	391	344	382	5	7
P1881-1	391	382	344	7	5
P1882	15	15	15	1	1
P1882-1	15	15	15	1	1
P1884	4766	4585	39	1754	7
P1884-1	4766	39	4585	7	1754
P1885	1521	1502	1496	3	3
P1885-1	1521	1496	1502	3	3
P1887	46	46	32	3	1
P1887-1	46	32	46	1	3
P1888	5	5	5	1	1
P1888-1	5	5	5	1	1
P1889	293748	268340	268789	60	60
P1889-1	293748	268789	268340	60	60
P189	2070	1945	1131	151	4
P189-1	2070	1131	1945	4	151
P1891	5109	1634	3671	49	588
P1891-1	5109	3671	1634	588	49
P1896	1	1	1	1	1
P1896-1	1	1	1	1	1
P1897	3	3	3	1	1
P1897-1	3	3	3	1	1
P1898	3	3	2	2	1
P1898-1	3	2	3	1	2
P19	1965589	1960744	173723	22677	6
P19-1	1965589	173723	1960744	6	22677
P190	42507	15253	15171	96	99
P190-1	42507	15171	15253	99	96
P1903	12	12	8	3	1
P1903-1	12	8	12	1	3
P1906	355	337	312	10	5
P1906-1	355	312	337	5	10
P1909	9	5	9	1	5
P1909-1	9	9	5	5	1
P1910	6	5	3	4	2
P1910-1	6	3	5	2	4
P1911	1	1	1	1	1
P1911-1	1	1	1	1	1
P1912	1	1	1	1	1
P1912-1	1	1	1	1	1
P1913	2	2	2	1	1
P1913-1	2	2	2	1	1
P1914	1	1	1	1	1
P1914-1	1	1	1	1	1
P1915	1	1	1	1	1
P1915-1	1	1	1	1	1
P1916	1	1	1	1	1
P1916-1	1	1	1	1	1
P1917	1	1	1	1	1
P1917-1	1	1	1	1	1
P1918	1	1	1	1	1
P1918-1	1	1	1	1	1
P1922	41	41	40	2	1
P1922-1	41	40	41	1	2
P1923	41494	8574	4262	679	78
P1923-1	41494	4262	8574	78	679
P1924	51	33	36	4	4
P1924-1	51	36	33	4	4
P193	912	874	382	69	5
P193-1	912	382	874	5	69
P194	1994	1861	1781	71	27
P194-1	1994	1781	1861	27	71
P1943	3	3	3	1	1
P1943-1	3	3	3	1	1
P1947	1	1	1	1	1
P1947-1	1	1	1	1	1
P195	427298	403470	4607	16811	14
P195-1	427298	4607	403470	14	16811
P1950	9854	9810	3205	229	2
P1950-1	9854	3205	9810	2	229
P1951	173	63	126	18	8
P1951-1	173	126	63	8	18
P1956	5	5	3	3	1
P1956-1	5	3	5	1	3
P196	96960	91042	55	74392	3
P196-1	96960	55	91042	3	74392
P1960	100	100	100	1	1
P1960-1	100	100	100	1	1
P1962	676	533	532	16	38
P1962-1	676	532	533	38	16
P197	99606	49059	49193	15	17
P197-1	99606	49193	49059	17	15
P1981	16091	16079	5	6506	2
P1981-1	16091	5	16079	2	6506
P199	635	269	535	32	28
P199-1	635	535	269	28	32
P1990	3277	218	1351	56	188
P1990-1	3277	1351	218	188	56
P1995	6936	6361	150	1079	29
P1995-1	6936	150	6361	29	1079
P1998	12	12	4	8	1
P1998-1	12	4	12	1	8
P1999	1725	1725	9	414	1
P1999-1	1725	9	1725	1	414
P20	755194	753722	75574	27137	5
P20-1	755194	75574	753722	5	27137
P200	4615	4067	3230	29	36
P200-1	4615	3230	4067	36	29
P2002	139	134	137	2	4
P2002-1	139	137	134	4	2
P201	5225	5151	3666	36	10
P201-1	5225	3666	5151	10	36
P2012	713	656	137	143	13
P2012-1	713	137	656	13	143
P2013	73	73	73	1	1
P2013-1	73	73	73	1	1
P2033	848	848	848	1	1
P2033-1	848	848	848	1	1
P2037	3	3	3	1	1
P2037-1	3	3	3	1	1
P2038	8	8	8	1	1
P2038-1	8	8	8	1	1
P205	16606	16353	191	4834	24
P205-1	16606	191	16353	24	4834
P2058	109	99	22	65	4
P2058-1	109	22	99	4	65
P206	28448	26154	5567	1653	99
P206-1	28448	5567	26154	99	1653
P2061	29375	29362	42	20993	2
P2061-1	29375	42	29362	2	20993
P2078	3	3	3	1	1
P2078-1	3	3	3	1	1
P2079	22092	16951	438	3594	6
P2079-1	22092	438	16951	6	3594
P208	797	791	657	123	2
P208-1	797	657	791	2	123
P2088	1	1	1	1	1
P2088-1	1	1	1	1	1
P209	138	124	136	2	5
P209-1	138	136	124	5	2
P2093	327659	298382	44932	2505	16
P2093-1	327659	44932	298382	16	2505
P2094	49899	47747	359	9729	9
P2094-1	49899	359	47747	9	9729
P2095	31	28	31	1	4
P2095-1	31	31	28	4	1
P2098	93	93	93	1	1
P2098-1	93	93	93	1	1
P21	3872079	3871870	23	3151808	3
P21-1	3872079	23	3871870	3	3151808
P210	69	57	67	2	3
P210-1	69	67	57	3	2
P2127	10	10	5	5	1
P2127-1	10	5	10	1	5
P2152	65	65	65	1	1
P2152-1	65	65	65	1	1
P2155	205	163	165	3	3
P2155-1	205	165	163	3	3
P2156	30	30	5	18	1
P2156-1	30	5	30	1	18
P2157	52	52	18	18	1
P2157-1	52	18	52	1	18
P2159	35	32	24	6	2
P2159-1	35	24	32	2	6
P217	16	15	15	2	2
P217-1	16	15	15	2	2
P2175	3737	1187	769	97	30
P2175-1	3737	769	1187	30	97
P2176	3780	767	1193	30	97
P2176-1	3780	1193	767	97	30
P2184	1081	1057	1064	3	9
P2184-1	1081	1064	1057	9	3
P22	129932	129425	81225	134	6
P22-1	129932	81225	129425	6	134
P2210	18	16	17	2	2
P2210-1	18	17	16	2	2
P2238	141	68	134	3	13
P2238-1	141	134	68	13	3
P2239	2820	696	61	627	16
P2239-1	2820	61	696	16	627
P2241	1	1	1	1	1
P2241-1	1	1	1	1	1
P225	3937	3936	3931	2	2
P225-1	3937	3931	3936	2	2
P2266	2	2	2	1	1
P2266-1	2	2	2	1	1
P2272	1	1	1	1	1
P2272-1	1	1	1	1	1
P2275	3	3	3	1	1
P2275-1	3	3	3	1	1
P2279	37	37	11	12	1
P2279-1	37	11	37	1	12
P2283	3610	2704	2095	225	29
P2283-1	3610	2095	2704	29	225
P2286	229	204	152	5	4
P2286-1	229	152	204	4	5
P2288	46	44	22	12	3
P2288-1	46	22	44	3	12
P2289	95	91	66	5	3
P2289-1	95	66	91	3	5
P229	87	87	34	6	1
P229-1	87	34	87	1	6
P2291	158	77	74	13	11
P2291-1	158	74	77	11	13
P2293	4495	1830	1840	363	363
P2293-1	4495	1840	1830	363	363
P230	22	22	20	2	1
P230-1	22	20	22	1	2
P2302	4	1	4	1	4
P2302-1	4	4	1	4	1
P2303	39	1	39	1	39
P2303-1	39	39	1	39	1
P2308	6	6	4	3	1
P2308-1	6	4	6	1	3
P2317	13	13	12	2	1
P2317-1	13	12	13	1	2
P2318	43	34	43	1	4
P2318-1	43	43	34	4	1
P2319	50	15	48	2	28
P2319-1	50	48	15	28	2
P2321	24982	2852	4259	139	53
P2321-1	24982	4259	2852	53	139
P2328	2	2	2	1	1
P2328-1	2	2	2	1	1
P2329	93	83	66	4	4
P2329-1	93	66	83	4	4
P2341	751	680	622	8	10
P2341-1	751	622	680	10	8
P2348	112635	112337	711	4544	6
P2348-1	112635	711	112337	6	4544
P235	6170	6166	6168	3	2
P235-1	6170	6168	6166	2	3
P2352	1	1	1	1	1
P2352-1	1	1	1	1	1
P2353	4	4	2	3	1
P2353-1	4	2	4	1	3
P2354	4602	4319	4455	23	47
P2354-1	4602	4455	4319	47	23
P2358	4164	4156	37	815	2
P2358-1	4164	37	4156	2	815
P2359	3229	3225	331	229	3
P2359-1	3229	331	3225	3	229
P2360	158	123	108	14	8
P2360-1	158	108	123	8	14
P2361	1	1	1	1	1
P2361-1	1	1	1	1	1
P2363	3341	3339	6	1400	2
P2363-1	3341	6	3339	2	1400
P2365	124	113	71	8	2
P2365-1	124	71	113	2	8
P2366	3	3	2	2	1
P2366-1	3	2	3	1	2
P237	4023	3981	3643	31	3
P237-1	4023	3643	3981	3	31
P2371	78	78	6	30	1
P2371-1	78	6	78	1	30
P2373	2	2	2	1	1
P2373-1	2	2	2	1	1
P2375	19	19	19	1	1
P2375-1	19	19	19	1	1
P2376	20	20	19	2	1
P2376-1	20	19	20	1	2
P2377	2764	974	423	322	44
P2377-1	2764	423	974	44	322
P2378	175	167	144	5	7
P2378-1	175	144	167	7	5
P2379	110	110	25	18	1
P2379-1	110	25	110	1	18
P238	122	122	119	2	1
P238-1	122	119	122	1	2
P2384	151	140	60	44	2
P2384-1	151	60	140	2	44
P2388	1866	1837	1740	40	7
P2388-1	1866	1740	1837	7	40
P2389	1812	1785	1764	3	3
P2389-1	1812	1764	1785	3	3
P2392	3	3	3	1	1
P2392-1	3	3	3	1	1
P2393	22	22	22	1	1
P2393-1	22	22	22	1	1
P2394	25	25	25	1	1
P2394-1	25	25	25	1	1
P2396	16	16	11	3	1
P2396-1	16	11	16	1	3
P240	2	2	2	1	1
P240-1	2	2	2	1	1
P2408	1562	1378	339	309	11
P2408-1	1562	339	1378	11	309
P241	60333	57127	1225	12269	10
P241-1	60333	1225	57127	10	12269
P2414	5	5	5	1	1
P2414-1	5	5	5	1	1
P2416	18495	15969	318	1901	12
P2416-1	18495	318	15969	12	1901
P2417	13383	1583	2579	94	116
P2417-1	13383	2579	1583	116	94
P242	208	208	205	2	1
P242-1	208	205	208	1	2
P2425	3	3	3	1	1
P2425-1	3	3	3	1	1
P2426	1	1	1	1	1
P2426-1	1	1	1	1	1
P2433	1	1	1	1	1
P2433-1	1	1	1	1	1
P2438	606	574	433	10	9
P2438-1	606	433	574	9	10
P2441	1	1	1	1	1
P2441-1	1	1	1	1	1
P2443	2	2	2	1	1
P2443-1	2	2	2	1	1
P2445	10	10	9	2	1
P2445-1	10	9	10	1	2
P2453	40	10	40	1	26
P2453-1	40	40	10	26	1
P2462	91	91	51	7	1
P2462-1	91	51	91	1	7
P2471	1	1	1	1	1
P2471-1	1	1	1	1	1
P2479	1	1	1	1	1
P2479-1	1	1	1	1	1
P248	1706	1616	317	765	22
P248-1	1706	317	1616	22	765
P2499	362	353	318	6	3
P2499-1	362	318	353	3	6
P25	39085	38874	21934	101	5
P25-1	39085	21934	38874	5	101
P2500	381	325	362	5	8
P2500-1	381	362	325	8	5
P2501	74	19	70	5	47
P2501-1	74	70	19	47	5
P2502	33	21	26	7	9
P2502-1	33	26	21	9	7
P2503	10	10	10	1	1
P2503-1	10	10	10	1	1
P2505	3776	3637	1901	118	6
P2505-1	3776	1901	3637	6	118
P2507	10	10	10	1	1
P2507-1	10	10	10	1	1
P2512	183	136	176	2	6
P2512-1	183	176	136	6	2
P2515	4475	4397	646	176	4
P2515-1	4475	646	4397	4	176
P2517	2566	2520	2494	5	10
P2517-1	2566	2494	2520	10	5
P2521	8	8	8	1	1
P2521-1	8	8	8	1	1
P2522	4200	1333	3491	217	57
P2522-1	4200	3491	1333	57	217
P2534	29	29	28	2	1
P2534-1	29	28	29	1	2
P2537	7	7	7	1	1
P2537-1	7	7	7	1	1
P2541	4242	3361	1051	541	111
P2541-1	4242	1051	3361	111	541
P2545	1370	1370	10	832	1
P2545-1	1370	10	1370	1	832
P2546	122	119	86	10	2
P2546-1	122	86	119	2	10
P2548	538086	537906	2	270280	2
P2548-1	538086	2	537906	2	270280
P2550	115	103	111	2	5
P2550-1	115	111	103	5	2
P2551	39	39	20	12	1
P2551-1	39	20	39	1	12
P2553	1	1	1	1	1
P2553-1	1	1	1	1	1
P2554	10226	10110	1353	449	4
P2554-1	10226	1353	10110	4	449
P2560	28	26	15	9	2
P2560-1	28	15	26	2	9
P2561	5	5	5	1	1
P2561-1	5	5	5	1	1
P2562	1	1	1	1	1
P2562-1	1	1	1	1	1
P2563	2381	706	75	347	15
P2563-1	2381	75	706	15	347
P2564	1675	1658	11	632	2
P2564-1	1675	11	1658	2	632
P2567	1516	874	1013	17	25
P2567-1	1516	1013	874	25	17
P2568	31	29	31	1	2
P2568-1	31	31	29	2	1
P2572	5	5	5	1	1
P2572-1	5	5	5	1	1
P2575	84	73	61	4	5
P2575-1	84	61	73	5	4
P2577	1	1	1	1	1
P2577-1	1	1	1	1	1
P2578	853	586	774	5	25
P2578-1	853	774	586	25	5
P2579	875	772	488	26	6
P2579-1	875	488	772	6	26
P2580	2	2	2	1	1
P2580-1	2	2	2	1	1
P2587	27	1	27	1	27
P2587-1	27	27	1	27	1
P2591	1	1	1	1	1
P2591-1	1	1	1	1	1
P2596	2966	2804	330	1537	12
P2596-1	2966	330	2804	12	1537
P2597	14923	14923	2	8494	1
P2597-1	14923	2	14923	1	8494
P26	98948	90684	90073	30	27
P26-1	98948	90073	90684	27	30
P2614	3753	1563	10	852	7
P2614-1	3753	10	1563	7	852
P2627	2	2	2	1	1
P2627-1	2	2	2	1	1
P2629	429	429	9	157	1
P2629-1	429	9	429	1	157
P263	999	957	878	21	8
P263-1	999	878	957	8	21
P2632	4198	3799	472	1073	8
P2632-1	4198	472	3799	8	1073
P2633	688	685	682	2	2
P2633-1	688	682	685	2	2
P2634	31	21	24	3	5
P2634-1	31	24	21	5	3
P2637	273	273	5	102	1
P2637-1	273	5	273	1	102
P264	203523	183227	6387	7434	14
P264-1	203523	6387	183227	14	7434
P2643	17073	3179	111	943	7
P2643-1	17073	111	3179	7	943
P2647	66	63	52	3	2
P2647-1	66	52	63	2	3
P2650	2175	1493	965	274	10
P2650-1	2175	965	1493	10	274
P2652	329	112	291	12	90
P2652-1	329	291	112	90	12
P2667	18	18	17	2	1
P2667-1	18	17	18	1	2
P2670	12950	9914	2616	5428	38
P2670-1	12950	2616	9914	38	5428
P2673	161	161	155	2	1
P2673-1	161	155	161	1	2
P2674	153	153	146	2	1
P2674-1	153	146	153	1	2
P2675	26	24	24	2	2
P2675-1	26	24	24	2	2
P2679	263	239	241	5	5
P2679-1	263	241	239	5	5
P2680	11	10	11	1	2
P2680-1	11	11	10	2	1
P2681	19	19	19	1	1
P2681-1	19	19	19	1	1
P2682	20	20	20	1	1
P2682-1	20	20	20	1	1
P2684	2619	2614	5	974	3
P2684-1	2619	5	2614	3	974
P2695	3854	3578	1141	72	18
P2695-1	3854	1141	3578	18	72
P2699	2	2	2	1	1
P2699-1	2	2	2	1	1
P27	2980935	2802015	2233	372150	8
P27-1	2980935	2233	2802015	8	372150
P2700	72	20	39	5	17
P2700-1	72	39	20	17	5
P2701	8463	8281	25	8230	3
P2701-1	8463	25	8281	3	8230
P2702	8	7	8	1	2
P2702-1	8	8	7	2	1
P2713	1	1	1	1	1
P2713-1	1	1	1	1	1
P2715	82	80	78	3	3
P2715-1	82	78	80	3	3
P272	61476	55312	4568	2529	14
P272-1	61476	4568	55312	14	2529
P2734	2	2	2	1	1
P2734-1	2	2	2	1	1
P2735	1	1	1	1	1
P2735-1	1	1	1	1	1
P2737	171	148	34	138	12
P2737-1	171	34	148	12	138
P2738	327	317	22	306	5
P2738-1	327	22	317	5	306
P2739	67	50	41	7	3
P2739-1	67	41	50	3	7
P2740	1	1	1	1	1
P2740-1	1	1	1	1	1
P2743	1855	1830	1830	3	3
P2743-1	1855	1830	1830	3	3
P2746	9	8	4	6	2
P2746-1	9	4	8	2	6
P2747	5659	5652	5	2333	2
P2747-1	5659	5	5652	2	2333
P275	25205	24081	235	4876	7
P275-1	25205	235	24081	7	4876
P2756	590	586	4	390	2
P2756-1	590	4	586	2	390
P2758	1282	1154	6	1009	2
P2758-1	1282	6	1154	2	1009
P276	928885	919333	59895	14489	126
P276-1	928885	59895	919333	126	14489
P277	6544	5361	200	1567	9
P277-1	6544	200	5361	9	1567
P2770	38	25	18	9	3
P2770-1	38	18	25	3	9
P2784	36	32	7	8	2
P2784-1	36	7	32	2	8
P2789	55818	14401	17373	376	83
P2789-1	55818	17373	14401	83	376
P279	1923983	1411955	70154	508747	17
P279-1	1923983	70154	1411955	17	508747
P2795	12	12	10	2	1
P2795-1	12	10	12	1	2
P281	5	5	5	1	1
P281-1	5	5	5	1	1
P2812	32	32	32	1	1
P2812-1	32	32	32	1	1
P2813	85	78	85	1	4
P2813-1	85	85	78	4	1
P2817	61206	61200	1308	614	2
P2817-1	61206	1308	61200	2	614
P282	244286	243649	318	226766	6
P282-1	244286	318	243649	6	226766
P2820	31	31	6	14	1
P2820-1	31	6	31	1	14
P2821	10	10	9	2	1
P2821-1	10	9	10	1	2
P2822	11	10	11	1	2
P2822-1	11	11	10	2	1
P2825	147	78	138	3	10
P2825-1	147	138	78	10	3
P2827	178	149	17	44	5
P2827-1	178	17	149	5	44
P2828	16	15	16	1	2
P2828-1	16	16	15	2	1
P2831	8	7	8	1	2
P2831-1	8	8	7	2	1
P2838	69	53	38	10	4
P2838-1	69	38	53	4	10
P2839	14	12	6	6	2
P2839-1	14	6	12	2	6
P2841	3	3	3	1	1
P2841-1	3	3	3	1	1
P2846	615	615	5	412	1
P2846-1	615	5	615	1	412
P2848	276	276	5	269	1
P2848-1	276	5	276	1	269
P2849	88	76	75	6	5
P2849-1	88	75	76	5	6
P2851	271	64	41	39	8
P2851-1	271	41	64	8	39
P2852	577	222	124	114	7
P2852-1	577	124	222	7	114
P2853	518	224	14	139	7
P2853-1	518	14	224	7	139
P2859	1	1	1	1	1
P2859-1	1	1	1	1	1
P286	8397	6159	5249	45	45
P286-1	8397	5249	6159	45	45
P2860	84004251	3786845	7083889	38266	1730
P2860-1	84004251	7083889	3786845	1730	38266
P2868	91401	86709	711	72707	11
P2868-1	91401	711	86709	11	72707
P2869	153	99	127	2	8
P2869-1	153	127	99	8	2
P287	7787	7317	3367	65	13
P287-1	7787	3367	7317	13	65
P2872	225	200	208	6	5
P2872-1	225	208	200	5	6
P2875	2	1	2	1	2
P2875-1	2	2	1	2	1
P2876	4	3	3	2	2
P2876-1	4	3	3	2	2
P2881	419	200	156	14	5
P2881-1	419	156	200	5	14
P2882	1005	393	379	13	28
P2882-1	1005	379	393	28	13
P2888	217	216	217	1	2
P2888-1	217	217	216	2	1
P289	9547	9392	1355	447	3
P289-1	9547	1355	9392	3	447
P2892	2	2	2	1	1
P2892-1	2	2	2	1	1
P2894	6379	6371	9	929	5
P2894-1	6379	9	6371	5	929
P291	65018	64518	5117	10197	9
P291-1	65018	5117	64518	9	10197
P2910	45	45	40	3	1
P2910-1	45	40	45	1	3
P2922	3426	3307	63	201	12
P2922-1	3426	63	3307	12	201
P2925	275	169	207	35	24
P2925-1	275	207	169	24	35
P2935	112	86	30	57	7
P2935-1	112	30	86	7	57
P2936	3128	2801	264	635	31
P2936-1	3128	264	2801	31	635
P2937	312	235	132	100	19
P2937-1	312	132	235	19	100
P2949	62	62	62	1	1
P2949-1	62	62	62	1	1
P2959	18744	17874	17856	59	59
P2959-1	18744	17856	17874	59	59
P296	162	90	131	7	2
P296-1	162	131	90	2	7
P2962	14225	11402	21	5310	5
P2962-1	14225	21	11402	5	5310
P2964	61	61	7	33	1
P2964-1	61	7	61	1	33
P2968	1	1	1	1	1
P2968-1	1	1	1	1	1
P297	1	1	1	1	1
P297-1	1	1	1	1	1
P2974	90	69	59	7	5
P2974-1	90	59	69	5	7
P2975	477	233	297	9	22
P2975-1	477	297	233	22	9
P2976	29	24	29	1	5
P2976-1	29	29	24	5	1
P2977	2	2	2	1	1
P2977-1	2	2	2	1	1
P2978	5826	5731	178	554	4
P2978-1	5826	178	5731	4	554
P298	1	1	1	1	1
P298-1	1	1	1	1	1
P2989	256	43	42	38	18
P2989-1	256	42	43	18	38
P2992	358	353	8	349	4
P2992-1	358	8	353	4	349
P30	45797	45645	14	19123	6
P30-1	45797	14	45645	6	19123
P300	8	8	8	1	1
P300-1	8	8	8	1	1
P3005	126	126	126	1	1
P3005-1	126	126	126	1	1
P301	583694	581804	575368	10	6
P301-1	583694	575368	581804	6	10
P3014	46	39	36	3	3
P3014-1	46	36	39	3	3
P3015	163	72	103	5	4
P3015-1	163	103	72	4	5
P3018	10125	9897	1512	387	4
P3018-1	10125	1512	9897	4	387
P3019	33	25	19	8	6
P3019-1	33	19	25	6	8
P3022	3409	3396	2975	6	2
P3022-1	3409	2975	3396	2	6
P3025	174	89	18	49	7
P3025-1	174	18	89	7	49
P3026	30	14	25	4	16
P3026-1	30	25	14	16	4
P3027	1	1	1	1	1
P3027-1	1	1	1	1	1
P3028	1	1	1	1	1
P3028-1	1	1	1	1	1
P3031	308	308	308	1	1
P3031-1	308	308	308	1	1
P3032	258	226	221	4	4
P3032-1	258	221	226	4	4
P3033	129	110	25	41	5
P3033-1	129	25	110	5	41
P3037	2	2	2	1	1
P3037-1	2	2	2	1	1
P304	374	374	207	19	1
P304-1	374	207	374	1	19
P3050	1	1	1	1	1
P3050-1	1	1	1	1	1
P306	9535	6206	385	2519	27
P306-1	9535	385	6206	27	2519
P3075	122	88	36	22	4
P3075-1	122	36	88	4	22
P3080	42	32	30	4	4
P3080-1	42	30	32	4	4
P3081	21	12	21	1	8
P3081-1	21	21	12	8	1
P3082	59	44	50	7	8
P3082-1	59	50	44	8	7
P3083	18	18	18	1	1
P3083-1	18	18	18	1	1
P3085	277	203	231	11	3
P3085-1	277	231	203	3	11
P3091	355	219	316	3	8
P3091-1	355	316	219	8	3
P3092	5638	294	1596	61	262
P3092-1	5638	1596	294	262	61
P3093	32	32	20	5	1
P3093-1	32	20	32	1	5
P3094	28	28	22	5	1
P3094-1	28	22	28	1	5
P3095	807	765	736	11	4
P3095-1	807	736	765	4	11
P3096	11032	11031	11013	6	2
P3096-1	11032	11013	11031	2	6
P31	46725191	45783598	56394	17489881	45
P31-1	46725191	56394	45783598	45	17489881
P3103	90	18	32	14	19
P3103-1	90	32	18	19	14
P3113	109	75	81	5	4
P3113-1	109	81	75	4	5
P3121	2	2	2	1	1
P3121-1	2	2	2	1	1
P3130	2	2	2	1	1
P3130-1	2	2	2	1	1
P3132	5	5	5	1	1
P3132-1	5	5	5	1	1
P3137	2267	2267	975	56	1
P3137-1	2267	975	2267	1	56
P3148	17	16	17	1	2
P3148-1	17	17	16	2	1
P3150	508	506	275	6	2
P3150-1	508	275	506	2	6
P3156	72	70	5	27	2
P3156-1	72	5	70	2	27
P3158	34	28	17	8	7
P3158-1	34	17	28	7	8
P3161	76	28	16	17	7
P3161-1	76	16	28	7	17
P3173	206	183	140	42	5
P3173-1	206	140	183	5	42
P3174	338	212	193	32	13
P3174-1	338	193	212	13	32
P3179	130	77	122	2	5
P3179-1	130	122	77	5	2
P3189	197	136	89	9	10
P3189-1	197	89	136	10	9
P3190	174	69	119	10	9
P3190-1	174	119	69	9	10
P3192	11	10	11	1	2
P3192-1	11	11	10	2	1
P3195	351	349	7	155	3
P3195-1	351	7	349	3	155
P3205	22	20	17	3	2
P3205-1	22	17	20	2	3
P3216	859	859	7	307	1
P3216-1	859	7	859	1	307
P3259	299	282	13	228	2
P3259-1	299	13	282	2	228
P3261	202	201	69	13	2
P3261-1	202	69	201	2	13
P3262	196	62	195	2	13
P3262-1	196	195	62	13	2
P3263	109	105	27	17	2
P3263-1	109	27	105	2	17
P3264	37	37	30	2	1
P3264-1	37	30	37	1	2
P3274	1	1	1	1	1
P3274-1	1	1	1	1	1
P3275	599	95	245	14	27
P3275-1	599	245	95	27	14
P3279	2097	1994	1655	11	7
P3279-1	2097	1655	1994	7	11
P3294	2	2	1	2	1
P3294-1	2	1	2	1	2
P3295	2	1	2	1	2
P3295-1	2	2	1	2	1
P3300	595	579	336	25	4
P3300-1	595	336	579	4	25
P3301	556	310	276	26	70
P3301-1	556	276	310	70	26
P3306	2109	1948	7	684	3
P3306-1	2109	7	1948	3	684
P3310	252	143	71	8	6
P3310-1	252	71	143	6	8
P3311	1	1	1	1	1
P3311-1	1	1	1	1	1
P3314	10	10	10	1	1
P3314-1	10	10	10	1	1
P3320	665	272	557	10	28
P3320-1	665	557	272	28	10
P3335	9	7	8	2	3
P3335-1	9	8	7	3	2
P3342	775	588	650	12	11
P3342-1	775	650	588	11	12
P3349	79	67	65	4	4
P3349-1	79	65	67	4	4
P3354	620	387	198	23	17
P3354-1	620	198	387	17	23
P3355	147	107	22	91	5
P3355-1	147	22	107	5	91
P3356	1	1	1	1	1
P3356-1	1	1	1	1	1
P3364	11	11	11	1	1
P3364-1	11	11	11	1	1
P3373	223395	85511	86385	68	69
P3373-1	223395	86385	85511	69	68
P3374	61	61	2	32	1
P3374-1	61	2	61	1	32
P3380	2	2	2	1	1
P3380-1	2	2	2	1	1
P3381	28	28	27	2	1
P3381-1	28	27	28	1	2
P3383	1	1	1	1	1
P3383-1	1	1	1	1	1
P3398	5	5	5	1	1
P3398-1	5	5	5	1	1
P3400	1	1	1	1	1
P3400-1	1	1	1	1	1
P3402	1508	1507	6	543	2
P3402-1	1508	6	1507	2	543
P3403	421	413	413	3	3
P3403-1	421	413	413	3	3
P3409	1	1	1	1	1
P3409-1	1	1	1	1	1
P3415	24	24	17	5	1
P3415-1	24	17	24	1	5
P3416	8	8	8	1	1
P3416-1	8	8	8	1	1
P3417	650	650	650	1	1
P3417-1	650	650	650	1	1
P3428	371	371	4	190	1
P3428-1	371	4	371	1	190
P3432	17315	17259	2917	4883	2
P3432-1	17315	2917	17259	2	4883
P3433	1712	1712	330	257	1
P3433-1	1712	330	1712	1	257
P3437	73	50	54	5	5
P3437-1	73	54	50	5	5
P3438	682	566	365	18	11
P3438-1	682	365	566	11	18
P344	68233	64621	8396	503	23
P344-1	68233	8396	64621	23	503
P3440	10	10	6	5	1
P3440-1	10	6	10	1	5
P3441	7	7	1	7	1
P3441-1	7	1	7	1	7
P3447	5	4	3	3	2
P3447-1	5	3	4	2	3
P3448	267	255	245	4	2
P3448-1	267	245	255	2	4
P3450	46684	46654	4200	263	2
P3450-1	46684	4200	46654	2	263
P3451	1	1	1	1	1
P3451-1	1	1	1	1	1
P3460	9	9	8	2	1
P3460-1	9	8	9	1	2
P3461	59	30	24	19	8
P3461-1	59	24	30	8	19
P3463	1	1	1	1	1
P3463-1	1	1	1	1	1
P3464	1	1	1	1	1
P3464-1	1	1	1	1	1
P3469	1	1	1	1	1
P3469-1	1	1	1	1	1
P348	3	3	3	1	1
P348-1	3	3	3	1	1
P3489	1547	1109	13	563	2
P3489-1	1547	13	1109	2	563
P3490	46	23	41	2	7
P3490-1	46	41	23	7	2
P3491	50	25	39	4	9
P3491-1	50	39	25	9	4
P3493	9	9	2	5	1
P3493-1	9	2	9	1	5
P3494	3307	363	907	78	10
P3494-1	3307	907	363	10	78
P3496	393	39	87	20	15
P3496-1	393	87	39	15	20
P3497	3152	355	809	73	10
P3497-1	3152	809	355	10	73
P3499	1	1	1	1	1
P3499-1	1	1	1	1	1
P35	842	663	639	61	14
P35-1	842	639	663	14	61
P3501	479	479	15	307	1
P3501-1	479	15	479	1	307
P3512	85	74	19	29	4
P3512-1	85	19	74	4	29
P3514	9	9	9	1	1
P3514-1	9	9	9	1	1
P352	285842	285841	285842	1	2
P352-1	285842	285842	285841	2	1
P3520	12	12	12	1	1
P3520-1	12	12	12	1	1
P3525	2	2	2	1	1
P3525-1	2	2	2	1	1
P353	20	20	20	1	1
P353-1	20	20	20	1	1
P3532	1	1	1	1	1
P3532-1	1	1	1	1	1
P3533	4	4	4	1	1
P3533-1	4	4	4	1	1
P3547	3	3	3	1	1
P3547-1	3	3	3	1	1
P355	64391	13448	61975	10	160
P355-1	64391	61975	13448	160	10
P356	11329	11329	11319	2	1
P356-1	11329	11319	11329	1	2
P3561	14	14	14	1	1
P3561-1	14	14	14	1	1
P3578	17559	9058	9067	21	21
P3578-1	17559	9067	9058	21	21
P358	4364	4333	4364	1	7
P358-1	4364	4364	4333	7	1
P3592	282	282	44	8	1
P3592-1	282	44	282	1	8
P36	71525	71037	60931	40	9
P36-1	71525	60931	71037	9	40
P360	179745	176019	5868	42640	22
P360-1	179745	5868	176019	22	42640
P3602	28513	20375	857	1180	11
P3602-1	28513	857	20375	11	1180
P361	1361387	972023	159769	32274	104
P361-1	1361387	159769	972023	104	32274
P3610	2370	2253	123	227	3
P3610-1	2370	123	2253	3	227
P3625	1	1	1	1	1
P3625-1	1	1	1	1	1
P3636	16	16	16	1	1
P3636-1	16	16	16	1	1
P3639	24	24	23	2	1
P3639-1	24	23	24	1	2
P364	211643	204808	464	75745	18
P364-1	211643	464	204808	18	75745
P3643	11834	6751	8	6750	5
P3643-1	11834	8	6751	5	6750
P3650	2149	2149	7	482	1
P3650-1	2149	7	2149	1	482
P366	38922	35295	4420	7198	20
P366-1	38922	4420	35295	20	7198
P3674	1	1	1	1	1
P3674-1	1	1	1	1	1
P3679	56	51	50	2	5
P3679-1	56	50	51	5	2
P3680	13	8	13	1	4
P3680-1	13	13	8	4	1
P369	6	4	6	1	3
P369-1	6	6	4	3	1
P37	6234	4974	486	1562	24
P37-1	6234	486	4974	24	1562
P3701	43	41	11	14	2
P3701-1	43	11	41	2	14
P371	8562	6582	5260	63	33
P371-1	8562	5260	6582	33	63
P3712	105	86	90	5	4
P3712-1	105	90	86	4	5
P3716	3213	3199	55	670	2
P3716-1	3213	55	3199	2	670
P3719	43	43	24	19	1
P3719-1	43	24	43	1	19
P3729	395	348	344	4	4
P3729-1	395	344	348	4	4
P373	4658	4656	3882	14	3
P373-1	4658	3882	4656	3	14
P3730	396	354	348	4	4
P3730-1	396	348	354	4	4
P3739	5	5	3	3	1
P3739-1	5	3	5	1	3
P3741	5	3	5	1	3
P3741-1	5	5	3	3	1
P375	5823	5822	180	750	2
P375-1	5823	180	5822	2	750
P376	8766	8766	57	2064	1
P376-1	8766	57	8766	1	2064
P3764	2508	2507	392	68	2
P3764-1	2508	392	2507	2	68
P3772	2	2	2	1	1
P3772-1	2	2	2	1	1
P3773	4	3	4	1	2
P3773-1	4	4	3	2	1
P3774	2	2	2	1	1
P3774-1	2	2	2	1	1
P3776	19	16	10	9	3
P3776-1	19	10	16	3	9
P3777	140	32	110	4	26
P3777-1	140	110	32	26	4
P3780	2440	1323	2400	2	45
P3780-1	2440	2400	1323	45	2
P3781	2513	2511	1363	45	2
P3781-1	2513	1363	2511	2	45
P3795	1	1	1	1	1
P3795-1	1	1	1	1	1
P38	1550	1352	456	132	21
P38-1	1550	456	1352	21	132
P3803	52	51	10	29	2
P3803-1	52	10	51	2	29
P3807	1	1	1	1	1
P3807-1	1	1	1	1	1
P3808	32	32	32	1	1
P3808-1	32	32	32	1	1
P3815	547	547	49	83	1
P3815-1	547	49	547	1	83
P3816	17	16	17	1	2
P3816-1	17	17	16	2	1
P3818	292	292	4	128	1
P3818-1	292	4	292	1	128
P3822	961	242	8	239	7
P3822-1	961	8	242	7	239
P3823	65	64	12	18	2
P3823-1	65	12	64	2	18
P3828	182	141	111	42	6
P3828-1	182	111	141	6	42
P3831	4	3	4	1	2
P3831-1	4	4	3	2	1
P3833	132	132	35	35	1
P3833-1	132	35	132	1	35
P3834	1128	1128	6	472	1
P3834-1	1128	6	1128	1	472
P3842	94	81	74	5	3
P3842-1	94	74	81	3	5
P3858	2198	2178	2186	3	5
P3858-1	2198	2186	2178	5	3
P3869	1	1	1	1	1
P3869-1	1	1	1	1	1
P3871	375	375	2	191	1
P3871-1	375	2	375	1	191
P3876	14605	14605	14597	3	1
P3876-1	14605	14597	14605	1	3
P3878	453	453	117	24	1
P3878-1	453	117	453	1	24
P39	525809	383844	15954	18302	28
P39-1	525809	15954	383844	28	18302
P3902	11	5	11	1	3
P3902-1	11	11	5	3	1
P3912	3798	3783	56	1874	2
P3912-1	3798	56	3783	2	1874
P3919	2067	1515	511	834	23
P3919-1	2067	511	1515	23	834
P3926	1	1	1	1	1
P3926-1	1	1	1	1	1
P3931	258	223	100	28	5
P3931-1	258	100	223	5	28
P3938	129	122	103	17	4
P3938-1	129	103	122	4	17
P395	3	3	3	1	1
P395-1	3	3	3	1	1
P3966	741	481	74	138	9
P3966-1	741	74	481	9	138
P3967	91	88	73	2	2
P3967-1	91	73	88	2	2
P3969	3	3	3	1	1
P3969-1	3	3	3	1	1
P397	1871	1862	840	145	2
P397-1	1871	840	1862	2	145
P3975	509	447	490	3	14
P3975-1	509	490	447	14	3
P398	1872	829	1863	2	145
P398-1	1872	1863	829	145	2
P3984	9	9	9	1	1
P3984-1	9	9	9	1	1
P3985	33	18	22	6	7
P3985-1	33	22	18	7	6
P3989	258	210	116	23	3
P3989-1	258	116	210	3	23
P399	45	42	42	2	2
P399-1	45	42	42	2	2
P3994	3	3	1	3	1
P3994-1	3	1	3	1	3
P3995	1	1	1	1	1
P3995-1	1	1	1	1	1
P40	173979	105734	138483	9	135
P40-1	173979	138483	105734	135	9
P400	52142	27145	708	9017	38
P400-1	52142	708	27145	38	9017
P4000	3033	2991	23	1296	2
P4000-1	3033	23	2991	2	1296
P4002	6750	6750	5	2961	1
P4002-1	6750	5	6750	1	2961
P4004	1	1	1	1	1
P4004-1	1	1	1	1	1
P4006	8	6	8	1	3
P4006-1	8	8	6	3	1
P402	1	1	1	1	1
P402-1	1	1	1	1	1
P4024	53	53	53	1	1
P4024-1	53	53	53	1	1
P403	73110	72733	21051	586	6
P403-1	73110	21051	72733	6	586
P4032	34	28	31	3	3
P4032-1	34	31	28	3	3
P404	28870	20761	60	19504	7
P404-1	28870	60	20761	7	19504
P4043	79	44	62	5	17
P4043-1	79	62	44	17	5
P4044	1315	843	288	54	8
P4044-1	1315	288	843	8	54
P406	471	411	466	2	20
P406-1	471	466	411	20	2
P407	1365002	1345807	842	629581	104
P407-1	1365002	842	1345807	104	629581
P4070	3	2	3	1	2
P4070-1	3	3	2	2	1
P408	2906	2822	494	390	6
P408-1	2906	494	2822	6	390
P4082	2	2	2	1	1
P4082-1	2	2	2	1	1
P4091	48	48	46	2	1
P4091-1	48	46	48	1	2
P4099	12	12	7	4	1
P4099-1	12	7	12	1	4
P41	10	10	10	1	1
P41-1	10	10	10	1	1
P410	55167	51690	774	5285	13
P410-1	55167	774	51690	13	5285
P4100	70	69	22	11	2
P4100-1	70	22	69	2	11
P4101	3364	3363	70	3249	2
P4101-1	3364	70	3363	2	3249
P411	6648	5599	20	3437	5
P411-1	6648	20	5599	5	3437
P412	19013	18639	60	5277	4
P412-1	19013	60	18639	4	5277
P4122	13	13	13	1	1
P4122-1	13	13	13	1	1
P413	260930	255446	250	58817	6
P413-1	260930	250	255446	6	58817
P4132	2051	1328	33	454	10
P4132-1	2051	33	1328	10	454
P414	8615	7846	109	1768	7
P414-1	8615	109	7846	7	1768
P4147	55	55	55	1	1
P4147-1	55	55	55	1	1
P4149	55	55	55	1	1
P4149-1	55	55	55	1	1
P415	433	386	62	162	5
P415-1	433	62	386	5	162
P4151	15	10	9	3	5
P4151-1	15	9	10	5	3
P4159	21	21	21	1	1
P4159-1	21	21	21	1	1
P416	2	2	1	2	1
P416-1	2	1	2	1	2
P417	10141	9123	768	1327	7
P417-1	10141	768	9123	7	1327
P4174	1	1	1	1	1
P4174-1	1	1	1	1	1
P4175	1	1	1	1	1
P4175-1	1	1	1	1	1
P418	30	30	27	2	1
P418-1	30	27	30	1	2
P4185	53	25	48	3	8
P4185-1	53	48	25	8	3
P4195	2202	2195	2198	2	4
P4195-1	2202	2198	2195	4	2
P4202	6750	6750	1	6750	1
P4202-1	6750	1	6750	1	6750
P4204	2	2	2	1	1
P4204-1	2	2	2	1	1
P421	1778918	1430535	185	768736	29
P421-1	1778918	185	1430535	29	768736
P4220	99	69	99	1	3
P4220-1	99	99	69	3	1
P4224	233907	233267	613	155667	6
P4224-1	233907	613	233267	6	155667
P4229	2685	2498	421	372	22
P4229-1	2685	421	2498	22	372
P423	13160	13160	6	8654	1
P423-1	13160	6	13160	1	8654
P425	3060	2784	2373	14	6
P425-1	3060	2373	2784	6	14
P4259	1	1	1	1	1
P4259-1	1	1	1	1	1
P427	19837	19837	19775	3	1
P427-1	19837	19775	19837	1	3
P4271	1	1	1	1	1
P4271-1	1	1	1	1	1
P428	172	172	172	1	1
P428-1	172	172	172	1	1
P4284	4	4	4	1	1
P4284-1	4	4	4	1	1
P4286	1	1	1	1	1
P4286-1	1	1	1	1	1
P4290	33	32	32	2	2
P4290-1	33	32	32	2	2
P4292	12	12	11	2	1
P4292-1	12	11	12	1	2
P4301	73	73	73	1	1
P4301-1	73	73	73	1	1
P4303	7	7	7	1	1
P4303-1	7	7	7	1	1
P4312	1729	1728	4	1206	2
P4312-1	1729	4	1728	2	1206
P432	14	14	12	2	1
P432-1	14	12	14	1	2
P4320	2165	253	973	20	10
P4320-1	2165	973	253	10	20
P4321	45	5	45	1	10
P4321-1	45	45	5	10	1
P4322	423	56	368	4	10
P4322-1	423	368	56	10	4
P4323	2055	232	749	33	10
P4323-1	2055	749	232	10	33
P4324	57	7	54	2	10
P4324-1	57	54	7	10	2
P4329	844	833	818	13	6
P4329-1	844	818	833	6	13
P433	1	1	1	1	1
P433-1	1	1	1	1	1
P4330	120	85	116	3	8
P4330-1	120	116	85	8	3
P4340	1	1	1	1	1
P4340-1	1	1	1	1	1
P4342	2	2	2	1	1
P4342-1	2	2	2	1	1
P4345	63	26	63	1	30
P4345-1	63	63	26	30	1
P4353	150	148	13	133	3
P4353-1	150	13	148	3	133
P437	13785	12507	287	1786	10
P437-1	13785	287	12507	10	1786
P4379	39	39	37	2	1
P4379-1	39	37	39	1	2
P4387	64	48	23	19	3
P4387-1	64	23	48	3	19
P4411	1	1	1	1	1
P4411-1	1	1	1	1	1
P4424	116	114	7	109	3
P4424-1	116	7	114	3	109
P4425	4	4	3	2	1
P4425-1	4	3	4	1	2
P4426	12	12	11	2	1
P4426-1	12	11	12	1	2
P4428	161	118	80	12	15
P4428-1	161	80	118	15	12
P443	8	8	8	1	1
P443-1	8	8	8	1	1
P4433	1	1	1	1	1
P4433-1	1	1	1	1	1
P4434	15	15	15	1	1
P4434-1	15	15	15	1	1
P4437	96	96	7	31	1
P4437-1	96	7	96	1	31
P4443	1	1	1	1	1
P4443-1	1	1	1	1	1
P4444	3	3	3	1	1
P4444-1	3	3	3	1	1
P4446	157	157	40	24	1
P4446-1	157	40	157	1	24
P447	13	7	13	1	3
P447-1	13	13	7	3	1
P4479	10	10	10	1	1
P4479-1	10	10	10	1	1
P4483	976	976	976	1	1
P4483-1	976	976	976	1	1
P449	49751	47725	2228	1863	20
P449-1	49751	2228	47725	20	1863
P450	1688	560	381	10	12
P450-1	1688	381	560	12	10
P451	5927	4822	4977	47	61
P451-1	5927	4977	4822	61	47
P4510	77758	14939	44600	688	8307
P4510-1	77758	44600	14939	8307	688
P452	25964	23238	2278	3972	16
P452-1	25964	2278	23238	16	3972
P453	445	419	47	144	5
P453-1	445	47	419	5	144
P4543	34	8	25	3	12
P4543-1	34	25	8	12	3
P4545	36	36	36	1	1
P4545-1	36	36	36	1	1
P4552	39393	39208	2823	2283	4
P4552-1	39393	2823	39208	4	2283
P4567	1	1	1	1	1
P4567-1	1	1	1	1	1
P457	393	342	330	16	5
P457-1	393	330	342	5	16
P4584	131	131	84	15	1
P4584-1	131	84	131	1	15
P4586	234	234	53	27	1
P4586-1	234	53	234	1	27
P459	30	27	12	18	3
P459-1	30	12	27	3	18
P4599	18	18	18	1	1
P4599-1	18	18	18	1	1
P460	188100	56447	56761	67	68
P460-1	188100	56761	56447	68	67
P4600	18	18	18	1	1
P4600-1	18	18	18	1	1
P4608	743	737	104	354	2
P4608-1	743	104	737	2	354
P461	8854	8534	8507	13	4
P461-1	8854	8507	8534	4	13
P4614	43215	43082	434	10580	3
P4614-1	43215	434	43082	3	10580
P462	140767	136518	174	77262	12
P462-1	140767	174	136518	12	77262
P4622	17	13	17	1	3
P4622-1	17	17	13	3	1
P4624	6	3	6	1	4
P4624-1	6	6	3	4	1
P4628	4402	4402	12	1626	1
P4628-1	4402	12	4402	1	1626
P4629	8	8	8	1	1
P4629-1	8	8	8	1	1
P463	229446	164323	24960	9175	69
P463-1	229446	24960	164323	69	9175
P4634	349	342	11	138	2
P4634-1	349	11	342	2	138
P4646	80	80	72	2	1
P4646-1	80	72	80	1	2
P4647	1491	1483	422	89	4
P4647-1	1491	422	1483	4	89
P466	17458	15450	12937	147	38
P466-1	17458	12937	15450	38	147
P4661	2098	2095	2087	3	3
P4661-1	2098	2087	2095	3	3
P467	3306	3300	267	2328	4
P467-1	3306	267	3300	4	2328
P4675	139	104	82	11	10
P4675-1	139	82	104	10	11
P468	250	146	24	49	9
P468-1	250	24	146	9	49
P4685	42	42	42	1	1
P4685-1	42	42	42	1	1
P4688	52	52	30	6	1
P4688-1	52	30	52	1	6
P469	2007	1633	1651	28	12
P469-1	2007	1651	1633	12	28
P47	491775	109251	109461	76	76
P47-1	491775	109461	109251	76	76
P470	899	898	27	128	2
P470-1	899	27	898	2	128
P4701	151	151	151	1	1
P4701-1	151	151	151	1	1
P473	1	1	1	1	1
P473-1	1	1	1	1	1
P4731	2	2	2	1	1
P4731-1	2	2	2	1	1
P4732	3	3	3	1	1
P4732-1	3	3	3	1	1
P4733	38	35	31	4	2
P4733-1	38	31	35	2	4
P4743	185	182	46	40	2
P4743-1	185	46	182	2	40
P4745	40	39	34	2	2
P4745-1	40	34	39	2	2
P4755	7	7	7	1	1
P4755-1	7	7	7	1	1
P4765	3	3	3	1	1
P4765-1	3	3	3	1	1
P4770	43	43	35	3	1
P4770-1	43	35	43	1	3
P4774	21	19	8	5	2
P4774-1	21	8	19	2	5
P4777	21	14	20	2	4
P4777-1	21	20	14	4	2
P4788	6	5	3	4	2
P4788-1	6	3	5	2	4
P479	6766	6265	92	2700	9
P479-1	6766	92	6265	9	2700
P4791	441	281	336	7	11
P4791-1	441	336	281	11	7
P4792	2121	2097	2117	2	8
P4792-1	2121	2117	2097	8	2
P4794	1893	1891	17	286	2
P4794-1	1893	17	1891	2	286
P4805	31	29	2	28	2
P4805-1	31	2	29	2	28
P4809	2	2	1	2	1
P4809-1	2	1	2	1	2
P4810	714	116	60	113	17
P4810-1	714	60	116	17	113
P4822	1	1	1	1	1
P4822-1	1	1	1	1	1
P4828	1	1	1	1	1
P4828-1	1	1	1	1	1
P483	1147	1117	347	208	9
P483-1	1147	347	1117	9	208
P4837	2	2	2	1	1
P4837-1	2	2	2	1	1
P4843	30	30	30	1	1
P4843-1	30	30	30	1	1
P4844	40	15	24	5	8
P4844-1	40	24	15	8	5
P4845	8	8	8	1	1
P4845-1	8	8	8	1	1
P485	16483	15885	1944	1941	9
P485-1	16483	1944	15885	9	1941
P4850	1	1	1	1	1
P4850-1	1	1	1	1	1
P4854	4	4	4	1	1
P4854-1	4	4	4	1	1
P486	1	1	1	1	1
P486-1	1	1	1	1	1
P487	1	1	1	1	1
P487-1	1	1	1	1	1
P4873	1880	582	582	8	8
P4873-1	1880	582	582	8	8
P4875	262	98	98	8	8
P4875-1	262	98	98	8	8
P4878	2	2	2	1	1
P4878-1	2	2	2	1	1
P488	6787	5596	6211	17	30
P488-1	6787	6211	5596	30	17
P4882	3	1	3	1	3
P4882-1	3	3	1	3	1
P4884	116	115	28	45	2
P4884-1	116	28	115	2	45
P489	13	13	8	6	1
P489-1	13	8	13	1	6
P4900	1	1	1	1	1
P4900-1	1	1	1	1	1
P4908	35240	35228	1826	100	2
P4908-1	35240	1826	35228	2	100
P4913	627	621	230	40	3
P4913-1	627	230	621	3	40
P4915	356	80	82	10	10
P4915-1	356	82	80	10	10
P4934	23	13	16	2	2
P4934-1	23	16	13	2	2
P494	486	439	285	24	11
P494-1	486	285	439	11	24
P495	829100	811071	874	245747	14
P495-1	829100	874	811071	14	245747
P4952	1430	1396	5	1358	2
P4952-1	1430	5	1396	2	1358
P4954	1	1	1	1	1
P4954-1	1	1	1	1	1
P4967	3	3	3	1	1
P4967-1	3	3	3	1	1
P4968	5	4	5	1	2
P4968-1	5	5	4	2	1
P4969	105	90	104	2	3
P4969-1	105	104	90	3	2
P4970	1	1	1	1	1
P4970-1	1	1	1	1	1
P498	1	1	1	1	1
P498-1	1	1	1	1	1
P4988	5	5	4	2	1
P4988-1	5	4	5	1	2
P50	2628096	2052002	244129	6245	181
P50-1	2628096	244129	2052002	181	6245
P500	113	94	77	7	3
P500-1	113	77	94	3	7
P5000	2	2	2	1	1
P5000-1	2	2	2	1	1
P5004	18	15	17	2	2
P5004-1	18	17	15	2	2
P5008	58258	58007	18	26911	3
P5008-1	58258	18	58007	3	26911
P5009	9	7	5	3	2
P5009-1	9	5	7	2	3
P501	223	202	188	7	3
P501-1	223	188	202	3	7
P5012	17	15	7	9	2
P5012-1	17	7	15	2	9
P5021	2	2	2	1	1
P5021-1	2	2	2	1	1
P5023	18	16	5	6	2
P5023-1	18	5	16	2	6
P5024	2	2	2	1	1
P5024-1	2	2	2	1	1
P5025	3212	3211	259	234	2
P5025-1	3212	259	3211	2	234
P5026	4	4	4	1	1
P5026-1	4	4	4	1	1
P5028	4	4	2	3	1
P5028-1	4	2	4	1	3
P5030	606	130	427	8	8
P5030-1	606	427	130	8	8
P504	2270	2234	553	188	5
P504-1	2270	553	2234	5	188
P5047	2	2	2	1	1
P5047-1	2	2	2	1	1
P505	1098	1086	431	17	4
P505-1	1098	431	1086	4	17
P5052	5	4	5	1	2
P5052-1	5	5	4	2	1
P5053	1374	1374	231	77	1
P5053-1	1374	231	1374	1	77
P5054	2	2	2	1	1
P5054-1	2	2	2	1	1
P5056	14	14	13	2	1
P5056-1	14	13	14	1	2
P5059	169	167	92	28	2
P5059-1	169	92	167	2	28
P5068	1	1	1	1	1
P5068-1	1	1	1	1	1
P5070	1	1	1	1	1
P5070-1	1	1	1	1	1
P5072	29	7	28	2	21
P5072-1	29	28	7	21	2
P5082	1	1	1	1	1
P5082-1	1	1	1	1	1
P509	59567	58294	1052	8069	6
P509-1	59567	1052	58294	6	8069
P5095	6	4	4	2	2
P5095-1	6	4	4	2	2
P5096	313	101	185	21	16
P5096-1	313	185	101	16	21
P5099	1	1	1	1	1
P5099-1	1	1	1	1	1
P51	2	2	2	1	1
P51-1	2	2	2	1	1
P5101	2	2	2	1	1
P5101-1	2	2	2	1	1
P5102	1	1	1	1	1
P5102-1	1	1	1	1	1
P5105	1496	1493	7	398	2
P5105-1	1496	7	1493	2	398
P5108	5	5	5	1	1
P5108-1	5	5	5	1	1
P5109	36	13	8	12	6
P5109-1	36	8	13	6	12
P511	1905	1845	105	652	3
P511-1	1905	105	1845	3	652
P5110	61	8	13	8	10
P5110-1	61	13	8	10	8
P512	59158	54861	558	11002	6
P512-1	59158	558	54861	6	11002
P5125	638	638	638	1	1
P5125-1	638	638	638	1	1
P5126	10	9	8	3	2
P5126-1	10	8	9	2	3
P5130	9203	9111	1787	478	10
P5130-1	9203	1787	9111	10	478
P5131	58	33	32	4	6
P5131-1	58	32	33	6	4
P5132	65	32	41	6	8
P5132-1	65	41	32	8	6
P5133	19	19	19	1	1
P5133-1	19	19	19	1	1
P5134	20	20	20	1	1
P5134-1	20	20	20	1	1
P5135	21	20	17	5	2
P5135-1	21	17	20	2	5
P5136	12	12	12	1	1
P5136-1	12	12	12	1	1
P5138	58690	58689	4294	261	2
P5138-1	58690	4294	58689	2	261
P514	29	21	21	3	3
P514-1	29	21	21	3	3
P515	28	28	6	12	1
P515-1	28	6	28	1	12
P5150	153	153	5	62	1
P5150-1	153	5	153	1	62
P5152	122	122	5	46	1
P5152-1	122	5	122	1	46
P516	7007	6651	1076	3581	5
P516-1	7007	1076	6651	5	3581
P5166	47020	46714	1496	5124	3
P5166-1	47020	1496	46714	3	5124
P517	193	104	4	104	4
P517-1	193	4	104	4	104
P518	121	92	111	3	12
P518-1	121	111	92	12	3
P5196	69	61	5	57	3
P5196-1	69	5	61	3	57
P520	3644	1737	756	163	16
P520-1	3644	756	1737	16	163
P5201	28	26	5	13	2
P5201-1	28	5	26	2	13
P5202	18	17	18	1	2
P5202-1	18	18	17	2	1
P5203	1	1	1	1	1
P5203-1	1	1	1	1	1
P5206	22	5	22	1	12
P5206-1	22	22	5	12	1
P521	206	20	155	4	70
P521-1	206	155	20	70	4
P522	465	462	21	362	2
P522-1	465	21	462	2	362
P523	87	87	51	7	1
P523-1	87	51	87	1	7
P5236	24729	10234	1320	5102	9
P5236-1	24729	1320	10234	9	5102
P524	76	76	44	5	1
P524-1	76	44	76	1	5
P5248	1	1	1	1	1
P5248-1	1	1	1	1	1
P5249	186	179	99	26	3
P5249-1	186	99	179	3	26
P527	1134965	460194	339155	12798	484
P527-1	1134965	339155	460194	484	12798
P5277	2152	2152	9	1135	1
P5277-1	2152	9	2152	1	1135
P5278	35	34	35	1	2
P5278-1	35	35	34	2	1
P528	207	132	207	1	6
P528-1	207	207	132	6	1
P5280	2188	2177	201	124	3
P5280-1	2188	201	2177	3	124
P5282	2	2	2	1	1
P5282-1	2	2	2	1	1
P5286	7	6	5	3	2
P5286-1	7	5	6	2	3
P53	28734	28306	3652	727	4
P53-1	28734	3652	28306	4	727
P530	6136	260	260	195	195
P530-1	6136	260	260	195	195
P5304	3	3	3	1	1
P5304-1	3	3	3	1	1
P5307	1	1	1	1	1
P5307-1	1	1	1	1	1
P531	13	3	13	1	9
P531-1	13	13	3	9	1
P532	852	846	138	601	3
P532-1	852	138	846	3	601
P5326	12	12	4	9	1
P5326-1	12	4	12	1	9
P5328	24	24	15	5	1
P5328-1	24	15	24	1	5
P533	600	471	443	24	95
P533-1	600	443	471	95	24
P5330	30	29	6	14	2
P5330-1	30	6	29	2	14
P5338	14	14	14	1	1
P5338-1	14	14	14	1	1
P5339	7	7	7	1	1
P5339-1	7	7	7	1	1
P534	640	639	26	451	2
P534-1	640	26	639	2	451
P5353	64	32	17	14	3
P5353-1	64	17	32	3	14
P536	9	9	9	1	1
P536-1	9	9	9	1	1
P5361	14	13	14	1	2
P5361-1	14	14	13	2	1
P537	8	6	5	3	3
P537-1	8	5	6	3	3
P538	10	10	1	10	1
P538-1	10	1	10	1	10
P5386	4	4	4	1	1
P5386-1	4	4	4	1	1
P5389	1117	1117	6	1045	1
P5389-1	1117	6	1117	1	1045
P54	1124886	326612	29351	1966	32
P54-1	1124886	29351	326612	32	1966
P5400	83	83	83	1	1
P5400-1	83	83	83	1	1
P541	7146	6973	1055	1016	5
P541-1	7146	1055	6973	5	1016
P542	274	240	205	10	5
P542-1	274	205	240	5	10
P5422	14	14	6	7	1
P5422-1	14	6	14	1	7
P543	75	50	75	1	3
P543-1	75	75	50	3	1
P5438	3	3	3	1	1
P5438-1	3	3	3	1	1
P5439	1	1	1	1	1
P5439-1	1	1	1	1	1
P5441	1	1	1	1	1
P5441-1	1	1	1	1	1
P5442	1	1	1	1	1
P5442-1	1	1	1	1	1
P5444	43	43	42	2	1
P5444-1	43	42	43	1	2
P5446	39	39	1	39	1
P5446-1	39	1	39	1	39
P545	52	38	52	1	7
P545-1	52	52	38	7	1
P546	36	36	8	15	1
P546-1	36	8	36	1	15
P5460	116	41	36	17	10
P5460-1	116	36	41	10	17
P547	3878	3413	2936	190	23
P547-1	3878	2936	3413	23	190
P5475	50	38	38	3	3
P5475-1	50	38	38	3	3
P5476	2	2	2	1	1
P5476-1	2	2	2	1	1
P548	2	2	2	1	1
P548-1	2	2	2	1	1
P550	43	37	23	8	3
P550-1	43	23	37	3	8
P551	67218	59945	14003	1829	18
P551-1	67218	14003	59945	18	1829
P5510	785	782	785	1	2
P5510-1	785	785	782	2	1
P5514	2	2	2	1	1
P5514-1	2	2	2	1	1
P552	1259	1143	7	913	3
P552-1	1259	7	1143	3	913
P5522	67	67	7	34	1
P5522-1	67	7	67	1	34
P5523	20	8	20	1	4
P5523-1	20	20	8	4	1
P553	1006	768	198	159	32
P553-1	1006	198	768	32	159
P5537	12	9	8	2	4
P5537-1	12	8	9	4	2
P556	4660	4646	11	1535	2
P556-1	4660	11	4646	2	1535
P559	42798	20557	18079	274	9
P559-1	42798	18079	20557	9	274
P560	28	25	24	3	2
P560-1	28	24	25	2	3
P561	1	1	1	1	1
P561-1	1	1	1	1	1
P562	309	307	237	7	2
P562-1	309	237	307	2	7
P565	8	6	6	3	3
P565-1	8	6	6	3	3
P566	78761	78761	72760	9	1
P566-1	78761	72760	78761	1	9
P567	182	157	159	3	3
P567-1	182	159	157	3	3
P568	177	153	156	3	3
P568-1	177	156	153	3	3
P57	221674	209088	45485	675	41
P57-1	221674	45485	209088	41	675
P579	6277	5528	14	3840	5
P579-1	6277	14	5528	5	3840
P58	129207	101840	37180	275	26
P58-1	129207	37180	101840	26	275
P588	314	312	14	156	2
P588-1	314	14	312	2	156
P589	249	248	33	29	2
P589-1	249	33	248	2	29
P59	40044	39955	88	1860	22
P59-1	40044	88	39955	22	1860
P594	19	19	19	1	1
P594-1	19	19	19	1	1
P598	6079	4423	3582	64	12
P598-1	6079	3582	4423	12	64
P6	17960	17499	17173	13	25
P6-1	17960	17173	17499	25	13
P607	143950	117803	4216	42446	45
P607-1	143950	4216	117803	45	42446
P608	6411	4420	1313	419	28
P608-1	6411	1313	4420	28	419
P609	26167	16768	7442	96	8
P609-1	26167	7442	16768	8	96
P61	71625	62081	3430	16536	78
P61-1	71625	3430	62081	78	16536
P610	3641	3631	2652	11	3
P610-1	3641	2652	3631	3	11
P611	12413	12136	312	4413	4
P611-1	12413	312	12136	4	4413
P612	283	258	152	16	4
P612-1	283	152	258	4	16
P617	1	1	1	1	1
P617-1	1	1	1	1	1
P618	797	475	144	104	6
P618-1	797	144	475	6	104
P624	226	180	22	46	4
P624-1	226	22	180	4	46
P625	6988	6949	6941	11	2
P625-1	6988	6941	6949	2	11
P629	13262	11588	6602	84	65
P629-1	13262	6602	11588	65	84
P631	799	784	307	77	3
P631-1	799	307	784	3	77
P634	167	154	165	2	5
P634-1	167	165	154	5	2
P636	2868	854	31	691	6
P636-1	2868	31	854	6	691
P641	1000276	989209	934	383400	33
P641-1	1000276	934	989209	33	383400
P642	3219	2939	1504	166	4
P642-1	3219	1504	2939	4	166
P647	11166	11166	172	317	1
P647-1	11166	172	11166	1	317
P65	46331	46299	354	16471	8
P65-1	46331	354	46299	8	16471
P652	1105	1105	1105	1	1
P652-1	1105	1105	1105	1	1
P654	26	15	17	5	5
P654-1	26	17	15	5	5
P655	6076	5929	1477	1072	9
P655-1	6076	1477	5929	9	1072
P657	60	60	58	2	1
P657-1	60	58	60	1	2
P658	3974	915	3572	9	43
P658-1	3974	3572	915	43	9
P659	2	2	2	1	1
P659-1	2	2	2	1	1
P66	414	393	318	10	6
P66-1	414	318	393	6	10
P660	3	3	3	1	1
P660-1	3	3	3	1	1
P664	14119	13497	1602	2629	11
P664-1	14119	1602	13497	11	2629
P669	67225	64748	21937	560	12
P669-1	67225	21937	64748	12	560
P670	1	1	1	1	1
P670-1	1	1	1	1	1
P674	21889	5903	8955	263	157
P674-1	21889	8955	5903	157	263
P675	23	23	23	1	1
P675-1	23	23	23	1	1
P676	13326	11406	4614	297	14
P676-1	13326	4614	11406	14	297
P680	941100	310277	6214	48637	45
P680-1	941100	6214	310277	45	48637
P681	611002	240136	2212	120351	45
P681-1	611002	2212	240136	45	120351
P682	938983	306079	15212	35417	214
P682-1	938983	15212	306079	214	35417
P684	291738	84551	84150	424	78
P684-1	291738	84150	84551	78	424
P688	528146	517330	518059	172	35
P688-1	528146	518059	517330	35	172
P689	3986	1163	307	686	11
P689-1	3986	307	1163	11	686
P69	866105	694060	30420	14081	11
P69-1	866105	30420	694060	11	14081
P690	1238	1170	140	137	6
P690-1	1238	140	1170	6	137
P693	62	60	7	51	2
P693-1	62	7	60	2	51
P694	352	308	348	2	6
P694-1	352	348	308	6	2
P702	531134	521065	520204	35	172
P702-1	531134	520204	521065	172	35
P703	1423139	1422303	858	206362	4
P703-1	1423139	858	1422303	4	206362
P704	19	19	19	1	1
P704-1	19	19	19	1	1
P705	19	19	19	1	1
P705-1	19	19	19	1	1
P706	20599	19945	5801	941	16
P706-1	20599	5801	19945	16	941
P707	17	17	11	3	1
P707-1	17	11	17	1	3
P708	51682	51617	2313	1341	3
P708-1	51682	2313	51617	3	1341
P710	104186	29802	33201	989	1214
P710-1	104186	33201	29802	1214	989
P720	384	348	18	148	2
P720-1	384	18	348	2	148
P724	9	9	9	1	1
P724-1	9	9	9	1	1
P725	18815	3175	7385	119	199
P725-1	18815	7385	3175	199	119
P726	16507	2276	1580	988	58
P726-1	16507	1580	2276	58	988
P734	931470	928171	138192	5994	10
P734-1	931470	138192	928171	10	5994
P735	2766672	2707833	29589	52489	26
P735-1	2766672	29589	2707833	26	52489
P736	2818	2788	773	209	6
P736-1	2818	773	2788	6	209
P737	8082	3908	4042	59	57
P737-1	8082	4042	3908	57	59
P739	1950	1826	280	284	9
P739-1	1950	280	1826	9	284
P740	28074	27947	5471	1281	6
P740-1	28074	5471	27947	6	1281
P741	2981	2136	12	1845	3
P741-1	2981	12	2136	3	1845
P742	36	35	35	2	2
P742-1	36	35	35	2	2
P744	165	165	25	68	1
P744-1	165	25	165	1	68
P747	10706	5199	9121	121	56
P747-1	10706	9121	5199	56	121
P748	799	788	270	135	4
P748-1	799	270	788	4	135
P749	73608	68290	15629	833	49
P749-1	73608	15629	68290	49	833
P750	41951	41134	2422	2111	10
P750-1	41951	2422	41134	10	2111
P751	742	278	512	229	85
P751-1	742	512	278	85	229
P756	306	32	306	1	36
P756-1	306	306	32	36	1
P765	1569	1543	16	667	3
P765-1	1569	16	1543	3	667
P767	4861	1360	2247	81	402
P767-1	4861	2247	1360	402	81
P768	3271	3253	194	174	3
P768-1	3271	194	3253	3	174
P769	1842	99	121	44	42
P769-1	1842	121	99	42	44
P770	583	569	198	78	2
P770-1	583	198	569	2	78
P78	325	288	292	5	8
P78-1	325	292	288	8	5
P780	7735	999	926	485	81
P780-1	7735	926	999	81	485
P783	952	952	6	708	1
P783-1	952	6	952	1	708
P784	796	795	11	517	2
P784-1	796	11	795	2	517
P785	857	855	9	322	2
P785-1	857	9	855	2	322
P786	630	630	5	452	1
P786-1	630	5	630	1	452
P787	691	691	21	283	1
P787-1	691	21	691	1	283
P788	916	915	3	586	2
P788-1	916	3	915	2	586
P789	586	583	8	192	2
P789-1	586	8	583	2	192
P790	378	208	96	87	18
P790-1	378	96	208	18	87
P792	1	1	1	1	1
P792-1	1	1	1	1	1
P793	56031	48985	3787	8776	87
P793-1	56031	3787	48985	87	8776
P795	607	604	21	237	3
P795-1	607	21	604	3	237
P797	424	404	294	11	3
P797-1	424	294	404	3	11
P798	5	5	5	1	1
P798-1	5	5	5	1	1
P800	41951	23750	39568	188	75
P800-1	41951	39568	23750	75	188
P802	13737	6684	11179	10	222
P802-1	13737	11179	6684	222	10
P803	1470	1378	164	839	4
P803-1	1470	164	1378	4	839
P805	451	388	373	21	6
P805-1	451	373	388	6	21
P807	398	319	297	5	4
P807-1	398	297	319	4	5
P809	1	1	1	1	1
P809-1	1	1	1	1	1
P81	58601	48756	5794	241	21
P81-1	58601	5794	48756	21	241
P811	32	18	21	7	3
P811-1	32	21	18	3	7
P812	341	257	136	17	6
P812-1	341	136	257	6	17
P814	19494	19420	7	6812	3
P814-1	19494	7	19420	3	6812
P816	5650	3722	2725	12	6
P816-1	5650	2725	3722	6	12
P817	3	3	2	2	1
P817-1	3	2	3	1	2
P822	337	335	295	5	2
P822-1	337	295	335	2	5
P823	646	430	427	26	24
P823-1	646	427	430	24	26
P825	9468	9228	1836	1059	11
P825-1	9468	1836	9228	11	1059
P826	2942	2863	33	284	4
P826-1	2942	33	2863	4	284
P828	2714	2430	2066	272	20
P828-1	2714	2066	2430	20	272
P831	210	186	105	11	6
P831-1	210	105	186	6	11
P832	499	101	247	31	19
P832-1	499	247	101	19	31
P833	1092	900	900	7	7
P833-1	1092	900	900	7	7
P834	112	74	101	3	15
P834-1	112	101	74	15	3
P835	5	5	5	1	1
P835-1	5	5	5	1	1
P837	1443	1247	552	28	18
P837-1	1443	552	1247	18	28
P839	4	4	4	1	1
P839-1	4	4	4	1	1
P84	37124	34620	12162	227	13
P84-1	37124	12162	34620	13	227
P840	33334	27056	3203	3148	53
P840-1	33334	3203	27056	53	3148
P841	1548	1474	405	32	5
P841-1	1548	405	1474	5	32
P85	637	618	428	55	3
P85-1	637	428	618	3	55
P852	3642	3637	8	1208	2
P852-1	3642	8	3637	2	1208
P853	1431	1430	7	733	2
P853-1	1431	7	1430	2	733
P856	42	42	42	1	1
P856-1	42	42	42	1	1
P859	60539	59626	1179	57072	22
P859-1	60539	1179	59626	22	57072
P86	111421	106514	17519	1276	21
P86-1	111421	17519	106514	21	1276
P868	32	19	30	2	8
P868-1	32	30	19	8	2
P87	3865	3438	1930	89	5
P87-1	3865	1930	3438	5	89
P870	5039	3497	161	1922	31
P870-1	5039	161	3497	31	1922
P872	407	398	236	22	3
P872-1	407	236	398	3	22
P873	16	15	2	15	2
P873-1	16	2	15	2	15
P878	162	70	105	6	11
P878-1	162	105	70	11	6
P879	10	9	10	1	2
P879-1	10	10	9	2	1
P88	2263	2157	1516	79	6
P88-1	2263	1516	2157	6	79
P880	712	690	140	156	3
P880-1	712	140	690	3	156
P881	213	212	33	29	2
P881-1	213	33	212	2	29
P885	3828	3758	2614	204	3
P885-1	3828	2614	3758	3	204
P901	11	11	11	1	1
P901-1	11	11	11	1	1
P908	3040	3013	6	855	3
P908-1	3040	6	3013	3	855
P91	1195	1189	11	858	3
P91-1	1195	11	1189	3	858
P910	557765	556990	553594	8	6
P910-1	557765	553594	556990	6	8
P912	3607	2257	166	776	8
P912-1	3607	166	2257	8	776
P913	98	90	74	3	6
P913-1	98	74	90	6	3
P914	1746	1714	5	506	3
P914-1	1746	5	1714	3	506
P915	23154	16405	3285	1299	38
P915-1	23154	3285	16405	38	1299
P916	11	11	5	4	1
P916-1	11	5	11	1	4
P92	757	651	427	85	8
P92-1	757	427	651	8	85
P921	2663842	2301003	141660	51484	177
P921-1	2663842	141660	2301003	177	51484
P922	1	1	1	1	1
P922-1	1	1	1	1	1
P923	121	53	66	14	9
P923-1	121	66	53	9	14
P924	151	78	86	13	8
P924-1	151	86	78	8	13
P925	6	6	5	2	1
P925-1	6	5	6	1	2
P926	7	6	6	2	2
P926-1	7	6	6	2	2
P927	1857	1787	600	48	7
P927-1	1857	600	1787	7	48
P928	14	13	4	8	2
P928-1	14	4	13	2	8
P930	5624	3317	31	1957	4
P930-1	5624	31	3317	4	1957
P931	10510	10216	9108	78	6
P931-1	10510	9108	10216	6	78
P935	209	209	206	3	1
P935-1	209	206	209	1	3
P937	229743	190850	13254	19912	20
P937-1	229743	13254	190850	20	19912
P94	54	54	49	3	1
P94-1	54	49	54	1	3
P941	2007	1675	1791	9	10
P941-1	2007	1791	1675	10	9
P942	298	215	283	2	18
P942-1	298	283	215	18	2
P943	149	139	86	19	5
P943-1	149	86	139	5	19
P944	645	645	6	570	1
P944-1	645	6	645	1	570
P945	5188	4980	367	1653	4
P945-1	5188	367	4980	4	1653
P946	2	2	2	1	1
P946-1	2	2	2	1	1
P948	52	52	50	2	1
P948-1	52	50	52	1	2
P953	6	6	6	1	1
P953-1	6	6	6	1	1
P965	1	1	1	1	1
P965-1	1	1	1	1	1
P967	79	19	78	2	25
P967-1	79	78	19	25	2
P969	652	648	547	10	2
P969-1	652	547	648	2	10
P97	26249	25158	1235	4828	8
P97-1	26249	1235	25158	8	4828
P970	4	4	2	3	1
P970-1	4	2	4	1	3
P971	1008889	582736	85383	44561	9
P971-1	1008889	85383	582736	9	44561
P972	1259	1094	211	172	4
P972-1	1259	211	1094	4	172
P973	1927	1918	1904	8	3
P973-1	1927	1904	1918	3	8
P974	72012	20798	70716	6	586
P974-1	72012	70716	20798	586	6
P98	10387	8623	5599	563	38
P98-1	10387	5599	8623	38	563
P984	1	1	1	1	1
P984-1	1	1	1	1	1
P990	1	1	1	1	1
P990-1	1	1	1	1	1
P991	12339	8743	5348	573	179
P991-1	12339	5348	8743	179	573
P996	7	7	7	1	1
P996-1	7	7	7	1	1
P998	47	47	42	4	1
P998-1	47	42	47	1	4
